href,tags
https://99designs.hk/logo-design/contests/design-logo-coinscan-1146223,Gold Guaranteed Fast-tracked Logo design Accounting & Financial
https://99designs.hk/logo-design/contests/elegant-logo-conveying-sophistication-knowledge-complex-financial-matters-1145810,Guaranteed Blind Logo design Attorney & Law
https://99designs.hk/logo-design/contests/modern-catchy-logo-high-talented-small-team-1145736,Guaranteed Logo design Business & Consulting
https://99designs.hk/logo-design/contests/entertainment-company-1145672,Guaranteed Logo design Entertainment & The Arts
https://99designs.hk/logo-design/contests/organic-event-venue-agritourism-1145625,Guaranteed Logo design Entertainment & The Arts
https://99designs.hk/logo-design/contests/crypto-blockchain-law-firm-logo-1145611,Guaranteed Logo design Attorney & Law
https://99designs.hk/logo-design/contests/unique-logo-handcrafted-good-1145593,Guaranteed Logo design Fashion
https://99designs.hk/logo-design/contests/bounce-house-rental-logo-search-1145564,Guaranteed Logo design Entertainment & The Arts
https://99designs.hk/logo-design/contests/acoustic-music-duo-1145540,Blind Logo design Art & Design
https://99designs.hk/logo-design/contests/design-logo-land-development-environmental-services-company-located-1145538,Guaranteed Logo design Environmental
https://99designs.hk/logo-design/contests/will-be-designing-amazon-gaming-1145490,Gold Guaranteed Logo design Technology
https://99designs.hk/logo-design/contests/fun-logo-family-farms-horses-dogs-alpacas-lavender-1145487,Guaranteed Logo design Agriculture
https://99designs.hk/logo-design/contests/smoke-n-vape-shop-1145480,Fast-tracked Logo design Retail
https://99designs.hk/logo-design/contests/design-simple-logo-golf-ecom-store-1145479,Guaranteed Logo design Sport
https://99designs.hk/logo-design/contests/exklusive-architekturelemente-das-logo-f%C3%BCr-beschlaghaus-1145443,Guaranteed Blind Logo design Architectural
https://99designs.hk/logo-design/contests/logo-newsletter-about-recreational-sports-business-1145432,Guaranteed Fast-tracked Logo design Sport
https://99designs.hk/logo-design/contests/b-golf-products-guru-1145321,Logo design Sport
https://99designs.hk/logo-design/contests/law-firm-seeks-logo-1145315,Fast-tracked Logo design Attorney & Law
https://99designs.hk/logo-design/contests/start-up-company-middle-washington-est-1145302,Guaranteed Fast-tracked Logo design Construction
https://99designs.hk/logo-design/contests/logo-design-online-store-1145284,Guaranteed Blind Logo design Art & Design
https://99designs.hk/logo-design/contests/powerful-rebrand-non-profit-attract-participants-1145214,Guaranteed Logo design Community & Non-Profit
https://99designs.hk/logo-design/contests/design-modern-logo-national-firm-1145209,Guaranteed Blind Logo design Accounting & Financial
https://99designs.hk/logo-design/contests/logoerstellung-f%C3%BCr-chalet-ahornblick-1145137,Guaranteed Logo design Travel & Hotel
https://99designs.hk/logo-design/contests/powerful-modern-logo-design-express-car-wash-locations-1145128,Guaranteed Blind Fast-tracked Logo design Cleaning & Maintenance
https://99designs.hk/logo-design/contests/rockhopper-penguin-logo-research-group-1145108,Guaranteed Blind Logo design Medical & Pharmaceutical
https://99designs.hk/logo-design/contests/average-electrical-contractor-1145071,Guaranteed Fast-tracked Logo design Industrial
https://99designs.hk/logo-design/contests/design-classy-sassy-unique-ladies-boutique-1145061,Guaranteed Blind Logo design Retail
https://99designs.hk/logo-design/contests/logo-real-estate-servicing-company-1145047,Logo design Real Estate & Mortgage
https://99designs.hk/logo-design/contests/clean-simple-logo-unique-hotel-search-product-1145045,Guaranteed Logo design Travel & Hotel
https://99designs.hk/logo-design/contests/power-full-logo-identity-which-describes-what-drive-1145040,Guaranteed Logo design Retail
https://99designs.hk/logo-design/contests/design-logo-coinscan-1146223,Gold Guaranteed Fast-tracked Logo design Accounting & Financial
https://99designs.hk/logo-design/contests/elegant-logo-conveying-sophistication-knowledge-complex-financial-matters-1145810,Guaranteed Blind Logo design Attorney & Law
https://99designs.hk/logo-design/contests/modern-catchy-logo-high-talented-small-team-1145736,Guaranteed Logo design Business & Consulting
https://99designs.hk/logo-design/contests/entertainment-company-1145672,Guaranteed Logo design Entertainment & The Arts
https://99designs.hk/logo-design/contests/organic-event-venue-agritourism-1145625,Guaranteed Logo design Entertainment & The Arts
https://99designs.hk/logo-design/contests/crypto-blockchain-law-firm-logo-1145611,Guaranteed Logo design Attorney & Law
https://99designs.hk/logo-design/contests/unique-logo-handcrafted-good-1145593,Guaranteed Logo design Fashion
https://99designs.hk/logo-design/contests/bounce-house-rental-logo-search-1145564,Guaranteed Logo design Entertainment & The Arts
https://99designs.hk/logo-design/contests/acoustic-music-duo-1145540,Blind Logo design Art & Design
https://99designs.hk/logo-design/contests/design-logo-land-development-environmental-services-company-located-1145538,Guaranteed Logo design Environmental
https://99designs.hk/logo-design/contests/will-be-designing-amazon-gaming-1145490,Gold Guaranteed Logo design Technology
https://99designs.hk/logo-design/contests/fun-logo-family-farms-horses-dogs-alpacas-lavender-1145487,Guaranteed Logo design Agriculture
https://99designs.hk/logo-design/contests/smoke-n-vape-shop-1145480,Fast-tracked Logo design Retail
https://99designs.hk/logo-design/contests/design-simple-logo-golf-ecom-store-1145479,Guaranteed Logo design Sport
https://99designs.hk/logo-design/contests/exklusive-architekturelemente-das-logo-f%C3%BCr-beschlaghaus-1145443,Guaranteed Blind Logo design Architectural
https://99designs.hk/logo-design/contests/logo-newsletter-about-recreational-sports-business-1145432,Guaranteed Fast-tracked Logo design Sport
https://99designs.hk/logo-design/contests/b-golf-products-guru-1145321,Logo design Sport
https://99designs.hk/logo-design/contests/law-firm-seeks-logo-1145315,Fast-tracked Logo design Attorney & Law
https://99designs.hk/logo-design/contests/start-up-company-middle-washington-est-1145302,Guaranteed Fast-tracked Logo design Construction
https://99designs.hk/logo-design/contests/logo-design-online-store-1145284,Guaranteed Blind Logo design Art & Design
https://99designs.hk/logo-design/contests/powerful-rebrand-non-profit-attract-participants-1145214,Guaranteed Logo design Community & Non-Profit
https://99designs.hk/logo-design/contests/design-modern-logo-national-firm-1145209,Guaranteed Blind Logo design Accounting & Financial
https://99designs.hk/logo-design/contests/logoerstellung-f%C3%BCr-chalet-ahornblick-1145137,Guaranteed Logo design Travel & Hotel
https://99designs.hk/logo-design/contests/powerful-modern-logo-design-express-car-wash-locations-1145128,Guaranteed Blind Fast-tracked Logo design Cleaning & Maintenance
https://99designs.hk/logo-design/contests/rockhopper-penguin-logo-research-group-1145108,Guaranteed Blind Logo design Medical & Pharmaceutical
https://99designs.hk/logo-design/contests/average-electrical-contractor-1145071,Guaranteed Fast-tracked Logo design Industrial
https://99designs.hk/logo-design/contests/design-classy-sassy-unique-ladies-boutique-1145061,Guaranteed Blind Logo design Retail
https://99designs.hk/logo-design/contests/logo-real-estate-servicing-company-1145047,Logo design Real Estate & Mortgage
https://99designs.hk/logo-design/contests/clean-simple-logo-unique-hotel-search-product-1145045,Guaranteed Logo design Travel & Hotel
https://99designs.hk/logo-design/contests/power-full-logo-identity-which-describes-what-drive-1145040,Guaranteed Logo design Retail
https://99designs.hk/logo-design/contests/monogram-f%C3%BCr-evo-quant-street-wear-1144963,Guaranteed Logo design Fashion
https://99designs.hk/logo-design/contests/home-care-design-1144957,Guaranteed Logo design Business & Consulting
https://99designs.hk/logo-design/contests/boat-name-design-race-1144925,Gold Guaranteed Fast-tracked Logo design Automotive
https://99designs.hk/logo-design/contests/modern-minimalistic-luxury-wedding-photography-logo-1144897,Guaranteed Logo design Photography
https://99designs.hk/logo-design/contests/finalizing-luxurious-fashionable-logo-dreyer-1144893,Platinum Guaranteed Blind Logo design Fashion
https://99designs.hk/logo-design/contests/save-planet-create-awesome-clean-energy-company-logo-1144885,Guaranteed Logo design Environmental
https://99designs.hk/logo-design/contests/bonefrog-fopundation-1144880,Guaranteed Blind Logo design Medical & Pharmaceutical
https://99designs.hk/logo-design/contests/design-elegant-upscale-logo-med-spa-1144879,Guaranteed Fast-tracked Logo design Medical & Pharmaceutical
https://99designs.hk/logo-design/contests/design-modern-hip-logo-real-estate-site-1144866,Guaranteed Logo design Real Estate & Mortgage
https://99designs.hk/logo-design/contests/design-bold-logo-think-redbull-meets-dan-bilzerian-1144832,Guaranteed Logo design Entertainment & The Arts
https://99designs.hk/logo-design/contests/help-stand-out-1144827,Guaranteed Logo design Art & Design
https://99designs.hk/logo-design/contests/physiotherapie-massage-personal-training-1144821,Fast-tracked Logo design Sport
https://99designs.hk/logo-design/contests/design-logo-boutique-dental-practice-1144784,Guaranteed Blind Logo design Medical & Pharmaceutical
https://99designs.hk/logo-design/contests/logo-design-needed-help-catch-target-market-doula-1144780,Guaranteed Logo design Education
https://99designs.hk/logo-design/contests/construction-company-1144771,Guaranteed Logo design Construction
https://99designs.hk/logo-design/contests/design-professional-yet-trendy-logo-social-network-built-1144721,Logo design Entertainment & The Arts
https://99designs.hk/logo-design/contests/branded-tech-company-logo-1144715,Guaranteed Fast-tracked Logo design Technology
https://99designs.hk/logo-design/contests/these-girls-fire-logo-1144709,Guaranteed Logo design Home Furnishing
https://99designs.hk/logo-design/contests/design-logo-web-site-creating-graphic-designing-company-1144707,Guaranteed Logo design Business & Consulting
https://99designs.hk/logo-design/contests/boujie-elegant-fancy-eye-catching-logo-flower-business-1144696,Guaranteed Logo design Floral
https://99designs.hk/logo-design/contests/logo-voor-een-webshop-woondecoratie-1144681,Guaranteed Logo design Retail
https://99designs.hk/logo-design/contests/complete-tax-accounting-llc-logo-1144663,Logo design Accounting & Financial
https://99designs.hk/logo-design/contests/logo-paintings-company-socialmedia-please-help-me-thnx-1144660,Guaranteed Logo design Construction
https://99designs.hk/logo-design/contests/einfach-gehaltenes-logo-f%C3%BCr-eine-made-germany-marke-1144639,Guaranteed Blind Fast-tracked Logo design Retail
https://99designs.hk/logo-design/contests/logo-sarah-j-hile-lmhc-1144638,Guaranteed Blind Logo design Medical & Pharmaceutical
https://99designs.hk/logo-design/contests/logo-executive-service-1144604,Guaranteed Blind Logo design Business & Consulting
https://99designs.hk/logo-design/contests/modern-sleek-logo-national-healthcare-brand-1144599,Logo design Medical & Pharmaceutical
https://99designs.hk/logo-design/contests/simple-logo-1144582,Guaranteed Logo design Construction
https://99designs.hk/logo-design/contests/beach-volleyball-1144580,Logo design Sport
https://99designs.hk/logo-design/contests/cool-logo-will-communicated-every-day-guaranteed-1144569,Guaranteed Blind Logo design Business & Consulting
https://99designs.hk/logo-design/contests/company-logo-newly-founded-technology-consultancy-1144560,Guaranteed Logo design Technology
https://99designs.hk/logo-design/contests/maitri-meditation-logo-1144551,Guaranteed Logo design Physical Fitness
https://99designs.hk/logo-design/contests/high-end-luxury-car-storage-1144504,Gold Guaranteed Fast-tracked Logo design Automotive
https://99designs.hk/logo-design/contests/prime-group-usa-1144481,Guaranteed Blind Logo design Construction
https://99designs.hk/logo-design/contests/retro-logo-property-infrastructure-company-1144478,Guaranteed Blind Logo design Construction
https://99designs.hk/logo-design/contests/design-logo-full-service-home-interior-company-1144463,Guaranteed Fast-tracked Logo design Real Estate & Mortgage
https://99designs.hk/logo-design/contests/fight-club-meets-american-psycho-digital-marketing-consultant-1144461,Gold Guaranteed Logo design Business & Consulting
https://99designs.hk/logo-design/contests/colorful-coaching-business-logo-attract-leaders-ready-curate-1144459,Guaranteed Logo design Business & Consulting
https://99designs.hk/logo-design/contests/logo-birthday-ceo-who-real-estate-1144455,Guaranteed Logo design Architectural
https://99designs.hk/logo-design/contests/create-tokens-logo-1144450,Guaranteed Fast-tracked Logo design
https://99designs.hk/logo-design/contests/chimney-company-logo-design-1144435,Guaranteed Blind Logo design Cleaning & Maintenance
https://99designs.hk/logo-design/contests/california-style-fast-causal-restaurant-seeks-logo-1144432,Gold Guaranteed Logo design Food & Drink
https://99designs.hk/logo-design/contests/insurance-company-logo-1144424,Logo design Accounting & Financial
https://99designs.hk/logo-design/contests/software-consulting-company-needs-logo-1144422,Guaranteed Fast-tracked Logo design Business & Consulting
https://99designs.hk/logo-design/contests/urban-modern-logo-culinary-based-mercantile-coffee-shop-1144414,Guaranteed Logo design Retail
https://99designs.hk/logo-design/contests/design-logo-snowboard-freeride-guide-1144413,Logo design Sport
https://99designs.hk/logo-design/contests/inspire-wonder-awe-astro-slice-panoramas-1144409,Gold Guaranteed Logo design Art & Design
https://99designs.hk/logo-design/contests/spooky-logo-nail-business-1144405,Guaranteed Logo design Spa & Esthetics
https://99designs.hk/logo-design/contests/elegant-logo-french-country-house-normandy-1144400,Guaranteed Logo design
https://99designs.hk/logo-design/contests/classy-logo-attract-customers-who-never-done-medical-1144394,Guaranteed Logo design Spa & Esthetics
https://99designs.hk/logo-design/contests/logo-needed-neobank-app-called-seed-1144393,Gold Blind Logo design Technology
https://99designs.hk/logo-design/contests/logo-pour-un-organisme-de-formation-pr%C3%A9vention-secourisme-1144386,Guaranteed Fast-tracked Logo design Business & Consulting
https://99designs.hk/logo-design/contests/bold-youthful-bright-logo-needed-1144385,Guaranteed Logo design Education
https://99designs.hk/logo-design/contests/island-floral-design-co-needs-help-1144379,Guaranteed Logo design Floral
https://99designs.hk/logo-design/contests/start-up-bbq-caterers-looking-memorable-logo-1144355,Guaranteed Logo design Food & Drink
https://99designs.hk/logo-design/contests/design-modern-logo-lawn-service-1144354,Guaranteed Logo design Landscaping
https://99designs.hk/logo-design/contests/design-fun-playful-logo-family-travel-agency-1144353,Logo design Travel & Hotel
https://99designs.hk/logo-design/contests/design-logo-salon-medspa-expansion-looking-elegant-modern-1144351,Guaranteed Logo design Spa & Esthetics
https://99designs.hk/logo-design/contests/design-incorporate-house-maybe-h-1144335,Guaranteed Logo design Construction
https://99designs.hk/logo-design/contests/solar-energy-company-lgr-1144331,Fast-tracked Logo design Construction
https://99designs.hk/logo-design/contests/design-monitor-style-barn-logo-custom-builder-1144326,Guaranteed Logo design Construction
https://99designs.hk/logo-design/contests/performing-band-needs-logo-1144303,Guaranteed Logo design Entertainment & The Arts
https://99designs.hk/logo-design/contests/cool-logo-global-construction-holding-company-1144297,Guaranteed Blind Logo design Construction
https://99designs.hk/logo-design/contests/media-rep-logo-1144291,Guaranteed Blind Logo design Technology
https://99designs.hk/logo-design/contests/agape-doves-nft-1144276,Guaranteed Logo design Religious
https://99designs.hk/logo-design/contests/logo-site-help-high-school-students-applying-college-1144262,Guaranteed Logo design Education
https://99designs.hk/logo-design/contests/vita-1144261,Guaranteed Logo design
https://99designs.hk/logo-design/contests/customization-preselected-font-logo-1144259,Guaranteed Fast-tracked Logo design
https://99designs.hk/logo-design/contests/eye-catching-design-organic-olive-oil-start-up-1144250,Guaranteed Blind Logo design Food & Drink
https://99designs.hk/logo-design/contests/powerful-logo-house-cleaning-service-company-1144249,Guaranteed Logo design Cleaning & Maintenance
https://99designs.hk/logo-design/contests/car-bodyshop-logo-1144246,Guaranteed Fast-tracked Logo design Automotive
https://99designs.hk/logo-design/contests/gestalte-ein-modernes-logo-f%C3%BCr-qualitative-lifestyleprodukte-1144245,Guaranteed Logo design Home Furnishing
https://99designs.hk/logo-design/contests/pool-service-company-florida-1144243,Guaranteed Blind Logo design Cleaning & Maintenance
https://99designs.hk/logo-design/contests/wir-schaffen-wohn-t-raum-1144241,Guaranteed Logo design Real Estate & Mortgage
https://99designs.hk/logo-design/contests/company-logo-expresses-strategic-alliances-thank-1144239,Logo design Retail
https://99designs.hk/logo-design/contests/robot-service-company-looks-awesome-logo-1144234,Gold Guaranteed Blind Fast-tracked Logo design
https://99designs.hk/logo-design/contests/kraftvolles-logo-f%C3%BCr-den-kampfsport-brazilian-jiu-jitsu-1144228,Guaranteed Logo design Sport
https://99designs.hk/logo-design/contests/heel-pain-solutions-1144222,Guaranteed Blind Logo design Medical & Pharmaceutical
https://99designs.hk/logo-design/contests/modern-design-digital-person-wellness-self-improvement-education-1144217,Guaranteed Logo design Education
https://99designs.hk/logo-design/contests/kid-podiatry-1144214,Blind Logo design Medical & Pharmaceutical
https://99designs.hk/logo-design/contests/interior-design-logo-1144206,Guaranteed Logo design Art & Design
https://99designs.hk/logo-design/contests/valiant-australia-1144205,Guaranteed Blind Logo design Medical & Pharmaceutical
https://99designs.hk/logo-design/contests/youth-group-church-logo-1144204,Guaranteed Logo design Religious
https://99designs.hk/logo-design/contests/logo-design-cyber-security-firm-1144203,Gold Fast-tracked Logo design Technology
https://99designs.hk/logo-design/contests/beautiful-logo-design-web-agency-1144195,Guaranteed Blind Logo design Technology
https://99designs.hk/logo-design/contests/help-igbo-shine-logo-1144194,Guaranteed Logo design Entertainment & The Arts
https://99designs.hk/logo-design/contests/laser-company-1144188,Logo design Technology
https://99designs.hk/logo-design/contests/logo-design-startup-company-silicon-valley-category-stem-1144170,Guaranteed Logo design Medical & Pharmaceutical
https://99designs.hk/logo-design/contests/logo-agency-writes-speeches-ceos-top-executives-1144166,Guaranteed Logo design Business & Consulting
https://99designs.hk/logo-design/contests/design-clean-nostaglic-logo-video-photo-company-helping-1144142,Guaranteed Logo design Entertainment & The Arts
https://99designs.hk/logo-design/contests/youth-baseball-tournament-logo-1144136,Guaranteed Logo design Sport
https://99designs.hk/logo-design/contests/powerful-logo-design-upcoming-educational-event-multifamily-investors-1144135,Guaranteed Blind Fast-tracked Logo design Real Estate & Mortgage
https://99designs.hk/logo-design/contests/real-estate-logo-design-1144130,Fast-tracked Logo design Real Estate & Mortgage
https://99designs.hk/logo-design/contests/design-bold-unique-logo-creative-agency-1144114,Guaranteed Logo design Art & Design
https://99designs.hk/logo-design/contests/heavy-mental-marketing-1144112,Platinum Guaranteed Logo design Business & Consulting
https://99designs.hk/logo-design/contests/sport-team-logo-website-design-1144109,Guaranteed Logo design Sport
https://99designs.hk/logo-design/contests/technology-firm-appealing-blockchain-security-identity-1144107,Fast-tracked Logo design Technology
https://99designs.hk/logo-design/contests/design-awesome-logo-trading-card-supplies-company-1144105,Guaranteed Logo design Retail
https://99designs.hk/logo-design/contests/design-logo-corporate-metaverse-meetaverse-1144103,Fast-tracked Logo design Technology
https://99designs.hk/logo-design/contests/product-line-logo-helps-plant-crop-growers-become-1144097,Guaranteed Fast-tracked Logo design Agriculture
https://99designs.hk/logo-design/contests/create-inspiring-logo-aerospace-engineer-1144094,Guaranteed Logo design Technology
https://99designs.hk/logo-design/contests/skaka-brah-boat-logo-contest-1144093,Gold Guaranteed Logo design Sport
https://99designs.hk/logo-design/contests/create-logo-biotech-copd-lung-cancer-1144090,Guaranteed Logo design Medical & Pharmaceutical
https://99designs.hk/logo-design/contests/design-motivates-people-better-themselves-1144080,Guaranteed Fast-tracked Logo design Physical Fitness
https://99designs.hk/logo-design/contests/baseball-team-design-1144079,Guaranteed Logo design Sport
https://99designs.hk/logo-design/contests/vail-valley-seeks-rebrand-upscale-meat-fish-market-1144058,Guaranteed Logo design Retail
https://99designs.hk/logo-design/contests/looking-powerful-presence-dog-training-logo-welcoming-1144054,Guaranteed Logo design Animal & Pet
https://99designs.hk/logo-design/contests/let-build-better-healthcare-system-together-1144050,Fast-tracked Logo design Real Estate & Mortgage
https://99designs.hk/logo-design/contests/music-publishing-company-looking-simple-yet-playful-logo-1144047,Gold Guaranteed Logo design Entertainment & The Arts
https://99designs.hk/logo-design/contests/unique-home-services-offering-needs-combine-concept-1144046,Guaranteed Logo design Cleaning & Maintenance
https://99designs.hk/logo-design/contests/logo-exclusive-riding-helmets-market-online-1144044,Guaranteed Logo design Retail
https://99designs.hk/logo-design/contests/notting-hill-designs-logo-1144035,Guaranteed Blind Logo design Home Furnishing
https://99designs.hk/logo-design/contests/logo-home-senior-citizen-care-services-1144034,Guaranteed Logo design Medical & Pharmaceutical
https://99designs.hk/logo-design/contests/design-spartan-spunk-1144033,Gold Guaranteed Logo design Industrial
https://99designs.hk/logo-design/contests/design-logo-crypto-nft-investment-fund-doesn-t-1144025,Guaranteed Blind Logo design Technology
https://99designs.hk/logo-design/contests/logo-pour-lancement-commercial-de-notre-r%C3%A9sidence-1144024,Guaranteed Logo design Agriculture
https://99designs.hk/logo-design/contests/logo-f%C3%BCr-einzelnes-ferienhaus-am-strand-florida-1144013,Guaranteed Logo design Travel & Hotel
https://99designs.hk/logo-design/contests/bold-quirky-unique-limited-edition-fashion-brand-logo-1144007,Platinum Guaranteed Blind Logo design Fashion
https://99designs.hk/logo-design/contests/international-fintech-company-appeals-yr-old-1144006,Guaranteed Logo design Technology
https://99designs.hk/logo-design/contests/chasing-red-logo-1144004,Fast-tracked Logo design Games & Recreational
https://99designs.hk/logo-design/contests/construction-company-attract-higher-level-clients-1143996,Guaranteed Logo design Construction
https://99designs.hk/logo-design/contests/basketball-team-logo-1143982,Guaranteed Blind Logo design Sport
https://99designs.hk/logo-design/contests/design-dining-bar-logo-japan-tokyo-1143975,Guaranteed Logo design Food & Drink
https://99designs.hk/logo-design/contests/logo-f%C3%BCr-die-webseite-wordpress-werkstatt-1143969,Guaranteed Logo design Internet
https://99designs.hk/logo-design/contests/home-leap-1143966,Guaranteed Logo design Technology
https://99designs.hk/logo-design/contests/logo-gastr%C5%8D-v%C3%A9rit%C3%A9-1143960,Guaranteed Blind Logo design Photography
https://99designs.hk/logo-design/contests/contemporary-earthy-vibe-orthodontics-practice-appeal-mid-women-1143955,Guaranteed Logo design Medical & Pharmaceutical
https://99designs.hk/logo-design/contests/exciting-logo-football-news-website-1143951,Guaranteed Blind Fast-tracked Logo design Sport
https://99designs.hk/logo-design/contests/design-elegant-sophisticated-modern-style-logo-women-health-1143947,Guaranteed Fast-tracked Logo design Cosmetics & Beauty
https://99designs.hk/logo-design/contests/hot-pot-shabu-restaurant-logo-design-1143944,Guaranteed Logo design Food & Drink
https://99designs.hk/logo-design/contests/fraud-consulting-company-logo-conveys-integrity-trust-1143940,Guaranteed Logo design Business & Consulting
https://99designs.hk/logo-design/contests/logo-county-director-1143938,Guaranteed Fast-tracked Logo design Business & Consulting
https://99designs.hk/logo-design/contests/ascend-spa-sophisticated-day-side-spirituality-1143937,Logo design Spa & Esthetics
https://99designs.hk/logo-design/contests/fun-classic-masculine-logo-chef-camera-man-needed-1143923,Guaranteed Blind Logo design Food & Drink
https://99designs.hk/logo-design/contests/ranch-brand-logo-design-1143914,Guaranteed Fast-tracked Logo design Agriculture
https://99designs.hk/logo-design/contests/equestrian-lifestyle-photography-logo-1143913,Guaranteed Blind Logo design Photography
https://99designs.hk/logo-design/contests/sliderr-logo-design-1143898,Gold Guaranteed Logo design Dating
https://99designs.hk/logo-design/contests/design-cool-logo-freight-shipment-company-think-optimus-1143897,Guaranteed Logo design Automotive
https://99designs.hk/logo-design/contests/cool-lifestyle-healthy-use-whites-well-colours-chosen-1143895,Guaranteed Fast-tracked Logo design Spa & Esthetics
https://99designs.hk/logo-design/contests/logo-design-healing-meditation-business-women-1143892,Guaranteed Logo design
https://99designs.hk/logo-design/contests/legendary-logo-1143880,Guaranteed Fast-tracked Logo design Childcare
https://99designs.hk/logo-design/contests/design-modern-feminine-logo-women-health-brand-1143856,Guaranteed Logo design Medical & Pharmaceutical
https://99designs.hk/logo-design/contests/logo-junk-removal-company-want-give-back-community-1143853,Guaranteed Logo design Cleaning & Maintenance
https://99designs.hk/logo-design/contests/future-fitness-1143845,Guaranteed Logo design Physical Fitness
https://99designs.hk/logo-design/contests/lone-star-business-1143844,Guaranteed Blind Logo design Food & Drink
https://99designs.hk/logo-design/contests/karate-kix-logo-1143829,Guaranteed Logo design Entertainment & The Arts
https://99designs.hk/logo-design/contests/create-logo-using-bodease-motion-sports-massage-gym-1143826,Guaranteed Logo design Physical Fitness
https://99designs.hk/logo-design/contests/blend-ancient-mantra-modern-dance-music-1143821,Guaranteed Blind Logo design Entertainment & The Arts
https://99designs.hk/logo-design/contests/logo-emblem-fj-ilustration-scale-radio-control-crawler-1143819,Guaranteed Logo design Games & Recreational
https://99designs.hk/logo-design/contests/medical-aesthetics-company-logo-1143817,Fast-tracked Logo design Cosmetics & Beauty
https://99designs.hk/logo-design/contests/fresh-clean-logo-apartment-community-1143816,Logo design Real Estate & Mortgage
https://99designs.hk/logo-design/contests/school-taiji-tai-chi-fascia-training-pranadynamics-needs-1143810,Guaranteed Logo design Physical Fitness
https://99designs.hk/logo-design/contests/clean-timeless-logo-design-premier-insurance-agency-1143804,Guaranteed Logo design Accounting & Financial
https://99designs.hk/logo-design/contests/logo-food-truck-festivals-1143800,Guaranteed Blind Logo design Food & Drink
https://99designs.hk/logo-design/contests/bread-hope-1143799,Gold Guaranteed Logo design Religious
https://99designs.hk/logo-design/contests/help-become-super-heroes-1143794,Guaranteed Blind Logo design Education
https://99designs.hk/logo-design/contests/armadillo-logo-professional-services-1143792,Guaranteed Logo design Construction
https://99designs.hk/logo-design/contests/proper-noun-agency-logo-redesign-contest-1143790,Guaranteed Fast-tracked Logo design Internet
https://99designs.hk/logo-design/contests/strong-clean-logo-represent-professional-service-employees-having-1143768,Guaranteed Logo design Business & Consulting
https://99designs.hk/logo-design/contests/beat-goes-1143760,Guaranteed Logo design Entertainment & The Arts
https://99designs.hk/logo-design/contests/logo-luxury-travel-podcast-1143751,Guaranteed Blind Logo design Travel & Hotel
https://99designs.hk/logo-design/contests/corporate-business-law-firm-logo-1143743,Gold Guaranteed Logo design Attorney & Law
https://99designs.hk/logo-design/contests/fundraising-gala-connect-veterans-home-buying-resources-1143735,Guaranteed Logo design Real Estate & Mortgage
https://99designs.hk/logo-design/contests/professional-trustworthy-logo-attract-lawn-care-maintenance-clients-1143727,Guaranteed Logo design Landscaping
https://99designs.hk/logo-design/contests/corporate-construction-distribution-male-majority-audience-1143720,Guaranteed Blind Logo design Construction
https://99designs.hk/logo-design/contests/logo-podcast-1143718,Guaranteed Logo design Entertainment & The Arts
https://99designs.hk/logo-design/contests/fleur-chocolatte-wine-1143717,Guaranteed Logo design Food & Drink
https://99designs.hk/logo-design/contests/take-vitamins-1143701,Guaranteed Logo design Food & Drink
https://99designs.hk/logo-design/contests/logo-immobilien-1143692,Fast-tracked Logo design Real Estate & Mortgage
https://99designs.hk/logo-design/contests/dangerous-high-class-elegant-logo-premium-billiard-cues-1143690,Guaranteed Blind Logo design Sport
https://99designs.hk/logo-design/contests/age-iron-bodybuilding-equipment-1143689,Guaranteed Logo design Sport
https://99designs.hk/logo-design/contests/bad-ass-chef-who-sells-vegetables-farmers-markets-1143685,Guaranteed Logo design Agriculture
https://99designs.hk/logo-design/contests/believing-power-ideas-passion-people-1143684,Guaranteed Logo design Business & Consulting
https://99designs.hk/logo-design/contests/ai-medicine-1143683,Guaranteed Logo design Technology
https://99designs.hk/logo-design/contests/cashflow-brand-needs-elegant-clean-logo-1143681,Guaranteed Logo design Internet
https://99designs.hk/logo-design/contests/powerful-logo-design-very-energy-school-1143679,Fast-tracked Logo design Education
https://99designs.hk/logo-design/contests/help-designing-islamic-mobile-app-icon-muslim-prayer-1143670,Guaranteed Logo design Technology
https://99designs.hk/logo-design/contests/fintess-logo-female-personal-trainer-1143664,Logo design Physical Fitness
https://99designs.hk/logo-design/contests/design-logo-holistic-wellness-company-1143655,Blind Logo design Community & Non-Profit
https://99designs.hk/logo-design/contests/crypto-trading-company-1143647,Guaranteed Logo design Business & Consulting
https://99designs.hk/logo-design/contests/hip-yet-sophisticated-touch-luxury-logo-real-estate-1143644,Guaranteed Fast-tracked Logo design Real Estate & Mortgage
https://99designs.hk/logo-design/contests/powerful-statement-age-herbal-movement-1143640,Guaranteed Logo design Cosmetics & Beauty
https://99designs.hk/logo-design/contests/samurai-warriors-design-logo-helmet-dynamic-product-line-1143633,Guaranteed Blind Logo design Physical Fitness
https://99designs.hk/logo-design/contests/creative-genius-needed-1143632,Guaranteed Logo design Automotive
https://99designs.hk/logo-design/contests/looking-modern-yet-vintage-logo-physical-therapy-clinic-1143617,Guaranteed Logo design Physical Fitness
https://99designs.hk/logo-design/contests/anniversary-logo-international-company-b-1143606,Guaranteed Blind Logo design Business & Consulting
https://99designs.hk/logo-design/contests/awesome-industry-oriented-logo-1143599,Guaranteed Logo design Industrial
https://99designs.hk/logo-design/contests/design-logo-fotocast-pt-1143581,Guaranteed Blind Logo design Photography
https://99designs.hk/logo-design/contests/fun-bold-logo-dog-food-brand-1143576,Logo design Animal & Pet
https://99designs.hk/logo-design/contests/retro-novus-logo-design-miami-vice-1143566,Blind Fast-tracked Logo design Fashion
https://99designs.hk/logo-design/contests/logo-best-industrial-products-made-usa-1143562,Guaranteed Logo design Industrial
https://99designs.hk/logo-design/contests/create-eyecatching-logo-design-salesether-sales-blog-website-1143560,Gold Guaranteed Logo design Business & Consulting
https://99designs.hk/logo-design/contests/logo-golfer-xman-perez-1143558,Fast-tracked Logo design Sport
https://99designs.hk/logo-design/contests/support-one-fasting-growing-real-estate-companies-1143556,Guaranteed Logo design Real Estate & Mortgage
https://99designs.hk/logo-design/contests/finch-little-library-1143540,Guaranteed Fast-tracked Logo design Entertainment & The Arts
https://99designs.hk/logo-design/contests/design-jetsetter-luxurious-logo-travel-agency-1143538,Guaranteed Logo design Travel & Hotel
https://99designs.hk/logo-design/contests/fun-logo-luxury-property-rental-management-software-1143533,Guaranteed Logo design Travel & Hotel
https://99designs.hk/logo-design/contests/design-fantastic-logo-adventure-lifestyle-brand-1143527,Guaranteed Logo design Sport
https://99designs.hk/logo-design/contests/make-logo-airline-industry-1143522,Guaranteed Logo design Travel & Hotel
https://99designs.hk/logo-design/contests/high-end-furniture-company-specialize-baby-teen-needs-1143519,Gold Guaranteed Blind Logo design Retail
https://99designs.hk/logo-design/contests/homecraft-logo-re-brand-1143518,Guaranteed Logo design Spa & Esthetics
https://99designs.hk/logo-design/contests/formstopdf-1143516,Guaranteed Blind Logo design Technology
https://99designs.hk/logo-design/contests/logo-design-construction-company-1143515,Guaranteed Logo design Construction
https://99designs.hk/logo-design/contests/logo-get-business-blue-origin-spacex-1143514,Gold Guaranteed Logo design Industrial
https://99designs.hk/logo-design/contests/fun-cat-cartoon-logo-plastering-product-1143505,Guaranteed Logo design Retail
https://99designs.hk/logo-design/contests/looking-professional-clean-logo-marketing-company-1143497,Guaranteed Logo design
https://99designs.hk/logo-design/contests/farmers-market-logo-poultry-images-1143494,Guaranteed Logo design Agriculture
https://99designs.hk/logo-design/contests/dachdeckerei-1143490,Guaranteed Logo design Construction
https://99designs.hk/logo-design/contests/logo-design-garlic-root-vegetable-specialty-farm-1143489,Guaranteed Logo design Agriculture
https://99designs.hk/logo-design/contests/re-lauch-goodness-realty-1143484,Logo design Real Estate & Mortgage
https://99designs.hk/logo-design/contests/design-crazy-logo-represents-premium-work-vehicles-1143476,Logo design Automotive
https://99designs.hk/logo-design/contests/aus-einer-firma-wird-eine-marke-logo-f%C3%BCr-1143461,Guaranteed Logo design Fashion
https://99designs.hk/logo-design/contests/inspirational-logo-needed-social-impact-law-incubator-1143459,Guaranteed Logo design Attorney & Law
https://99designs.hk/logo-design/contests/rework-logo-promotional-branding-co-modern-vintage-feel-1143447,Guaranteed Blind Logo design
https://99designs.hk/logo-design/contests/updated-modern-logo-growing-church-ohio-1143444,Gold Guaranteed Logo design Religious
https://99designs.hk/logo-design/contests/classically-cool-logo-dog-park-bar-hair-1143441,Logo design Animal & Pet
https://99designs.hk/logo-design/contests/dental-office-logo-ages-1143439,Guaranteed Logo design Medical & Pharmaceutical
https://99designs.hk/logo-design/contests/light-industrial-staffing-company-needs-logo-1143437,Gold Guaranteed Blind Logo design Business & Consulting
https://99designs.hk/logo-design/contests/sophisticated-real-estate-construction-firm-1143435,Guaranteed Logo design Real Estate & Mortgage
https://99designs.hk/logo-design/contests/design-trendy-logo-rural-non-profit-bike-race-1143432,Guaranteed Logo design Community & Non-Profit
https://99designs.hk/logo-design/contests/design-logo-black-owned-cafe-bar-1143430,Guaranteed Fast-tracked Logo design Food & Drink
https://99designs.hk/logo-design/contests/design-logo-web-fund-1143425,Guaranteed Blind Logo design Technology
https://99designs.hk/logo-design/contests/help-make-stand-out-1143418,Logo design Construction
https://99designs.hk/logo-design/contests/un-logo-chic-y-comercial-para-el-cuidado-1143417,Guaranteed Logo design Cosmetics & Beauty
https://99designs.hk/logo-design/contests/creative-logo-designer-annual-international-congress-1143404,Guaranteed Logo design Sport
https://99designs.hk/logo-design/contests/logo-design-tokyo-based-indie-record-label-1143382,Guaranteed Logo design Entertainment & The Arts
https://99designs.hk/logo-design/contests/cr%C3%A9er-un-logo-classe-design-mais-pas-trop-1143381,Guaranteed Logo design Spa & Esthetics
https://99designs.hk/logo-design/contests/logo-design-wellness-centre-pool-middle-city-1143377,Guaranteed Logo design Spa & Esthetics
https://99designs.hk/logo-design/contests/logo-italtower-1143356,Gold Guaranteed Logo design Construction
https://99designs.hk/logo-design/contests/snow-bounds-needs-logo-1143349,Gold Guaranteed Fast-tracked Logo design Technology
https://99designs.hk/logo-design/contests/design-fun-creative-logo-dog-wellness-company-made-1143348,Gold Guaranteed Blind Logo design Animal & Pet
https://99designs.hk/logo-design/contests/adventure-outdoors-healthy-alaskan-animal-water-minimal-1143344,Guaranteed Logo design Retail
https://99designs.hk/logo-design/contests/design-logo-represents-human-health-energy-balance-1143341,Guaranteed Logo design
https://99designs.hk/logo-design/contests/design-modern-eye-catching-logo-digital-marketing-firm-1143340,Guaranteed Logo design Business & Consulting
https://99designs.hk/logo-design/contests/sunfabrica-1143338,Guaranteed Blind Fast-tracked Logo design Home Furnishing
https://99designs.hk/logo-design/contests/rowdy-zen-needs-cool-logo-1143333,Guaranteed Blind Logo design Fashion
https://99designs.hk/logo-design/contests/design-logo-gourmet-dessert-candy-label-using-authentic-1143332,Guaranteed Logo design Food & Drink
https://99designs.hk/logo-design/contests/design-logo-innovative-digital-health-startup-1143331,Fast-tracked Logo design Medical & Pharmaceutical
https://99designs.hk/logo-design/contests/breeders-life-music-me-1143330,Guaranteed Logo design Animal & Pet
https://99designs.hk/logo-design/contests/design-creative-logo-firm-looking-push-boundaries-1143323,Guaranteed Fast-tracked Logo design Business & Consulting
https://99designs.hk/logo-design/contests/help-real-estate-co-stand-out-typical-re-1143322,Guaranteed Logo design Real Estate & Mortgage
https://99designs.hk/logo-design/contests/design-modern-fire-protection-company-logo-1143319,Guaranteed Logo design Construction
https://99designs.hk/logo-design/contests/playful-beautiful-logo-mobile-dog-grooming-business-conveys-1143313,Guaranteed Fast-tracked Logo design Animal & Pet
https://99designs.hk/logo-design/contests/cute-mature-logo-cakery-florida-1143312,Guaranteed Logo design Food & Drink
https://99designs.hk/logo-design/contests/rebel-1143297,Guaranteed Logo design Political
https://99designs.hk/logo-design/contests/permaculture-homestead-logo-1143289,Guaranteed Logo design Agriculture
https://99designs.hk/logo-design/contests/design-logo-soul-hugger-manifesting-mind-body-company-1143286,Guaranteed Logo design Spa & Esthetics
https://99designs.hk/logo-design/contests/neuroskills-logo-1143285,Guaranteed Logo design Medical & Pharmaceutical
https://99designs.hk/logo-design/contests/bamf-design-illustrate-draw-badass-logo-iconic-brand-1143280,Gold Guaranteed Fast-tracked Logo design Business & Consulting
https://99designs.hk/logo-design/contests/design-logo-apartment-building-1143277,Guaranteed Blind Logo design Real Estate & Mortgage
https://99designs.hk/logo-design/contests/swat-military-police-photography-logo-wanted-1143272,Logo design Photography
https://99designs.hk/logo-design/contests/eye-catching-logo-fun-hat-shop-1143270,Guaranteed Logo design Retail
https://99designs.hk/logo-design/contests/bloom-international-ventures-1143267,Gold Guaranteed Blind Logo design Accounting & Financial
https://99designs.hk/logo-design/contests/commercial-cleaning-janitorial-company-needs-logo-1143251,Guaranteed Logo design Cleaning & Maintenance
https://99designs.hk/logo-design/contests/sophisticated-modern-overall-kick-ass-cannabis-logo-wanted-1143246,Guaranteed Blind Logo design Retail
https://99designs.hk/logo-design/contests/busse-enterprises-1143241,Guaranteed Logo design Construction
https://99designs.hk/logo-design/contests/modern-logo-earthworks-company-tsa-1143240,Guaranteed Logo design Construction
https://99designs.hk/logo-design/contests/wordwiz-logo-word-game-1143239,Platinum Guaranteed Blind Fast-tracked Logo design Games & Recreational
https://99designs.hk/logo-design/contests/miracles-making-1143237,Logo design Food & Drink
https://99designs.hk/logo-design/contests/cool-design-crm-system-1143236,Guaranteed Logo design Business & Consulting
https://99designs.hk/logo-design/contests/tech-services-creative-logo-1143234,Guaranteed Logo design Technology
https://99designs.hk/logo-design/contests/logo-consulting-company-drive-innovation-robotics-artificial-intelligence-1143231,Guaranteed Logo design Technology
https://99designs.hk/logo-design/contests/logo-boston-real-estate-investment-company-1143230,Guaranteed Logo design Real Estate & Mortgage
https://99designs.hk/logo-design/contests/logo-pokemon-cards-grading-company-1143221,Guaranteed Logo design Art & Design
https://99designs.hk/logo-design/contests/start-travel-story-adventurous-bear-1143219,Guaranteed Logo design Travel & Hotel
https://99designs.hk/logo-design/contests/dinero-stablecoin-cryptocurrency-1143217,Guaranteed Blind Logo design Accounting & Financial
https://99designs.hk/logo-design/contests/luxury-tennis-accessories-fashion-brand-modern-young-women-1143212,Guaranteed Logo design Fashion
https://99designs.hk/logo-design/contests/custom-cookie-artist-engaging-logo-1143210,Guaranteed Logo design Food & Drink
https://99designs.hk/logo-design/contests/killer-palate-1143206,Logo design Food & Drink
https://99designs.hk/logo-design/contests/strong-attention-getting-logo-power-wash-company-1143193,Guaranteed Logo design Cleaning & Maintenance
https://99designs.hk/logo-design/contests/logo-engineering-team-netflix-1143190,Guaranteed Logo design Technology
https://99designs.hk/logo-design/contests/health-care-provider-digital-marketing-logo-1143187,Guaranteed Logo design Business & Consulting
https://99designs.hk/logo-design/contests/s%C3%BCsse-%C3%BCberraschung-1143180,Guaranteed Blind Logo design Food & Drink
https://99designs.hk/logo-design/contests/move-energy-needle-podcast-1143177,Gold Guaranteed Blind Logo design Technology
https://99designs.hk/logo-design/contests/design-b-logo-seller-amazon-works-large-brands-1143173,Guaranteed Blind Logo design Business & Consulting
https://99designs.hk/logo-design/contests/retail-design-f%C3%BCr-weibliche-zielgruppe-1143157,Guaranteed Logo design Retail
https://99designs.hk/logo-design/contests/software-logo-live-form-collaboration-tool-1143152,Guaranteed Logo design Technology
https://99designs.hk/logo-design/contests/logo-dj-company-please-help-me-mix-up-1143145,Guaranteed Logo design Wedding Service
https://99designs.hk/logo-design/contests/organic-plant-based-skin-care-products-handmade-africa-1143143,Guaranteed Logo design Cosmetics & Beauty
https://99designs.hk/logo-design/contests/design-wedding-venue-logo-1143139,Guaranteed Logo design Wedding Service
https://99designs.hk/logo-design/contests/logo-design-corporate-event-company-paradise-1143131,Guaranteed Logo design Business & Consulting
https://99designs.hk/logo-design/contests/vhs-meppen-looking-logo-anti-discrimination-teacher-training-1143128,Guaranteed Logo design Education
https://99designs.hk/logo-design/contests/custom-pool-construction-comapny-1143126,Gold Guaranteed Blind Logo design Construction
https://99designs.hk/logo-design/contests/logo-f%C3%BCr-neues-fitnessstudio-1143125,Guaranteed Logo design Sport
https://99designs.hk/logo-design/contests/design-center-enhancement-paradise-tulum-mexico-needed-1143124,Guaranteed Logo design Travel & Hotel
https://99designs.hk/logo-design/contests/lab-software-company-1143121,Guaranteed Logo design Computer
https://99designs.hk/logo-design/contests/logo-design-beauty-salon-hong-kong-1143118,Guaranteed Logo design Cosmetics & Beauty
https://99designs.hk/logo-design/contests/logo-online-education-course-1143108,Guaranteed Blind Logo design Education
https://99designs.hk/logo-design/contests/streaming-gamer-logo-1143106,Guaranteed Logo design Entertainment & The Arts
https://99designs.hk/logo-design/contests/opportunity-inspire-family-property-business-brand-1143100,Guaranteed Logo design Real Estate & Mortgage
https://99designs.hk/logo-design/contests/webvitals-ninja-logo-design-online-saas-product-1143092,Gold Guaranteed Blind Logo design Internet
https://99designs.hk/logo-design/contests/primo-logo-1143091,Guaranteed Logo design Business & Consulting
https://99designs.hk/logo-design/contests/logo-investment-company-1143088,Guaranteed Logo design Business & Consulting
https://99designs.hk/logo-design/contests/startup-company-working-establish-ourselves-embroidery-community-1143084,Guaranteed Logo design Retail
https://99designs.hk/logo-design/contests/creation-logo-holding-companies-various-industrial-aftermarket-1143082,Logo design Industrial
https://99designs.hk/logo-design/contests/best-heating-engineer-logo-1143078,Guaranteed Logo design Construction
https://99designs.hk/logo-design/contests/logo-f%C3%BCr-event-agentur-leipzig-mallorca-tv-1143075,Gold Guaranteed Logo design Entertainment & The Arts
https://99designs.hk/logo-design/contests/data-science-company-logo-1143070,Guaranteed Logo design Technology
https://99designs.hk/logo-design/contests/realistic-female-genie-mascot-surfboard-trading-marketplace-1143063,Platinum Guaranteed Logo design Sport
https://99designs.hk/logo-design/contests/create-logo-gordon-fitness-school-1143061,Guaranteed Logo design Physical Fitness
https://99designs.hk/logo-design/contests/cutting-edge-ai-technology-healthcare-1143045,Guaranteed Logo design Technology
https://99designs.hk/logo-design/contests/field-hockey-logo-design-developmental-team-1143044,Guaranteed Logo design Sport
https://99designs.hk/logo-design/contests/cheerful-logo-inspire-children-1143043,Guaranteed Logo design Medical & Pharmaceutical
https://99designs.hk/logo-design/contests/design-sophisticated-logo-interior-decorator-1143041,Guaranteed Fast-tracked Logo design Art & Design
https://99designs.hk/logo-design/contests/cool-bar-logo-bimini-bahamas-1143039,Guaranteed Logo design Bar & Nightclub
https://99designs.hk/logo-design/contests/professional-community-nyc-built-hot-takes-1143036,Logo design Medical & Pharmaceutical
https://99designs.hk/logo-design/contests/looking-big-colourful-logo-finance-brokerage-company-1143034,Guaranteed Logo design Real Estate & Mortgage
https://99designs.hk/logo-design/contests/beauty-brand-logo-redesign-1143032,Guaranteed Logo design Cosmetics & Beauty
https://99designs.hk/logo-design/contests/innovative-design-energy-industry-1143031,Logo design Environmental
https://99designs.hk/logo-design/contests/southern-charm-city-1143029,Guaranteed Logo design Cleaning & Maintenance
https://99designs.hk/logo-design/contests/ready-revolution-red-frog-realty-logo-contest-1143028,Guaranteed Logo design Real Estate & Mortgage
https://99designs.hk/logo-design/contests/plush-newest-hot-spot-phx-1143027,Gold Guaranteed Fast-tracked Logo design Bar & Nightclub
https://99designs.hk/logo-design/contests/design-cartoon-logo-upcoming-pressure-washing-business-1143024,Guaranteed Logo design Cleaning & Maintenance
https://99designs.hk/logo-design/contests/logo-working-rottweiler-kennel-1143022,Guaranteed Logo design Animal & Pet
https://99designs.hk/logo-design/contests/rth-scandinavia-1143018,Guaranteed Logo design Construction
https://99designs.hk/logo-design/contests/bold-strong-hint-vintage-logo-needed-massage-therapist-1143017,Guaranteed Logo design Spa & Esthetics
https://99designs.hk/logo-design/contests/baby-pink-logo-1143012,Guaranteed Logo design Food & Drink
https://99designs.hk/logo-design/contests/refresh-pre-workout-supplement-logo-modern-high-quality-1143006,Guaranteed Logo design Physical Fitness
https://99designs.hk/logo-design/contests/mortgage-company-experienced-team-focused-real-estate-investors-1143005,Guaranteed Fast-tracked Logo design Real Estate & Mortgage
https://99designs.hk/logo-design/contests/powerful-apparel-design-appeal-younger-audience-promote-mental-1142993,Guaranteed Logo design Fashion
https://99designs.hk/logo-design/contests/awesome-industrial-product-line-needs-bold-logo-1142978,Gold Guaranteed Blind Fast-tracked Logo design Industrial
https://99designs.hk/logo-design/contests/clean-simple-developer-consultant-logo-1142977,Guaranteed Logo design Technology
https://99designs.hk/logo-design/contests/fun-friendly-orthodontic-office-1142974,Guaranteed Logo design Medical & Pharmaceutical
https://99designs.hk/logo-design/contests/travel-agency-tropical-whimsy-needs-logo-1142963,Guaranteed Logo design Travel & Hotel
https://99designs.hk/logo-design/contests/update-logo-standards-1142961,Gold Guaranteed Fast-tracked Logo design Technology
https://99designs.hk/logo-design/contests/create-logo-infertility-awareness-foundation-non-profit-1142959,Guaranteed Logo design Community & Non-Profit
https://99designs.hk/logo-design/contests/logo-design-1142956,Guaranteed Logo design Sport
https://99designs.hk/logo-design/contests/classic-modern-guy-looking-provide-best-class-experience-1142950,Guaranteed Logo design Accounting & Financial
https://99designs.hk/logo-design/contests/logo-contest-next-generation-outdoor-recreation-tourism-1142945,Gold Guaranteed Blind Logo design Business & Consulting
https://99designs.hk/logo-design/contests/rentalz-io-logo-1142943,Guaranteed Fast-tracked Logo design Technology
https://99designs.hk/logo-design/contests/country-hill-pines-1142936,Guaranteed Logo design
https://99designs.hk/logo-design/contests/cabinetry-hint-modern-flair-eye-appealing-younger-women-1142935,Guaranteed Logo design Construction
https://99designs.hk/logo-design/contests/search-innovative-logo-birthday-destination-1142928,Guaranteed Logo design
https://99designs.hk/logo-design/contests/fresh-logo-band-1142920,Guaranteed Logo design Entertainment & The Arts
https://99designs.hk/logo-design/contests/get-sauced-nv-1142918,Guaranteed Logo design Restaurant
https://99designs.hk/logo-design/contests/fun-loving-leopard-classic-designs-appeal-women-ages-1142916,Guaranteed Logo design Fashion
https://99designs.hk/logo-design/contests/anspruchsvolles-logo-f%C3%BCr-technisch-versierte-zielgruppe-1142915,Guaranteed Logo design Business & Consulting
https://99designs.hk/logo-design/contests/old-world-florida-home-forgotten-coast-needs-vintage-1142914,Guaranteed Logo design Travel & Hotel
https://99designs.hk/logo-design/contests/necesito-el-dise%C3%B1o-de-logotipo-para-mi-proyecto-1142908,Guaranteed Logo design Art & Design
https://99designs.hk/logo-design/contests/avionics-installers-travel-anywhere-save-time-money-customer-1142907,Guaranteed Logo design
https://99designs.hk/logo-design/contests/edgy-tech-company-logo-website-brand-1142901,Gold Guaranteed Logo design Internet
https://99designs.hk/logo-design/contests/cattle-ranch-brand-needed-actual-branding-signage-1142899,Guaranteed Logo design Agriculture
https://99designs.hk/logo-design/contests/craft-distillery-needs-premium-wordmark-logo-luxury-brand-1142897,Guaranteed Logo design Food & Drink
https://99designs.hk/logo-design/contests/timeless-exceptional-logo-required-uk-leading-motorcycle-sales-1142879,Platinum Guaranteed Blind Logo design Automotive
https://99designs.hk/logo-design/contests/crossfit-company-logo-1142877,Guaranteed Logo design Physical Fitness
https://99designs.hk/logo-design/contests/create-proptech-app-logo-1142870,Logo design Real Estate & Mortgage
https://99designs.hk/logo-design/contests/logo-business-1142869,Guaranteed Logo design Technology
https://99designs.hk/logo-design/contests/disc-golf-1142867,Blind Fast-tracked Logo design Sport
https://99designs.hk/logo-design/contests/fun-energetic-marketing-logo-open-ideas-1142862,Guaranteed Logo design Communications
https://99designs.hk/logo-design/contests/nonprofits-winner-homeless-charity-house-inc-looking-vintage-1142857,Guaranteed Blind Logo design Community & Non-Profit
https://99designs.hk/logo-design/contests/dance-school-logo-1142855,Guaranteed Logo design Entertainment & The Arts
https://99designs.hk/logo-design/contests/design-captivating-polar-bear-red-rock-desert-samoyed-1142853,Guaranteed Logo design Animal & Pet
https://99designs.hk/logo-design/contests/breaking-copywriter-knows-his-design-skills-garbage-seeking-1142850,Gold Guaranteed Logo design Business & Consulting
https://99designs.hk/logo-design/contests/jacana-lovely-sail-boat-cruiser-design-will-see-1142846,Guaranteed Logo design Sport
https://99designs.hk/logo-design/contests/porta-1142843,Gold Guaranteed Logo design Construction
https://99designs.hk/logo-design/contests/logo-f%C3%BCr-fashionlabel-fairliebt-eine-%C3%BCberwiegend-weibliche-zielgruppe-1142842,Guaranteed Logo design Fashion
https://99designs.hk/logo-design/contests/design-logo-much-loved-community-family-medical-clinic-1142841,Guaranteed Logo design Medical & Pharmaceutical
https://99designs.hk/logo-design/contests/clinical-business-technology-advisory-services-appeal-healthtech-startups-1142838,Guaranteed Logo design Medical & Pharmaceutical
https://99designs.hk/logo-design/contests/mindful-lifes-logo-design-nature-animals-human-elements-1142836,Guaranteed Logo design Environmental
https://99designs.hk/logo-design/contests/promotion-immobili%C3%A8re-jeune-et-ambitieuse-1142833,Logo design Real Estate & Mortgage
https://99designs.hk/logo-design/contests/personal-brand-logo-1142831,Guaranteed Logo design Sport
https://99designs.hk/logo-design/contests/runner-gait-1142826,Guaranteed Logo design Medical & Pharmaceutical
https://99designs.hk/logo-design/contests/custom-ski-orthotic-lab-1142824,Guaranteed Blind Logo design Medical & Pharmaceutical
https://99designs.hk/logo-design/contests/zushi-de-sushi-poke-bowls-1142820,Guaranteed Logo design Restaurant
https://99designs.hk/logo-design/contests/clean-modern-still-creative-fun-1142817,Guaranteed Logo design Cosmetics & Beauty
https://99designs.hk/logo-design/contests/sharp-professional-logo-be-main-figurehead-arborist-business-1142812,Gold Logo design Environmental
https://99designs.hk/logo-design/contests/design-modern-innovative-logo-luxury-skincare-brand-1142811,Guaranteed Logo design Cosmetics & Beauty
https://99designs.hk/logo-design/contests/crisp-dice-based-logo-gaming-geeks-1142800,Guaranteed Logo design Games & Recreational
https://99designs.hk/logo-design/contests/hand-surgeon-basic-logo-southwest-usa-1142798,Guaranteed Logo design Medical & Pharmaceutical
https://99designs.hk/logo-design/contests/logo-sailboat-1142796,Guaranteed Logo design Games & Recreational
https://99designs.hk/logo-design/contests/modern-logo-year-old-software-firm-needing-refresh-1142793,Gold Guaranteed Logo design Technology
https://99designs.hk/logo-design/contests/would-several-professional-logo-golf-company-club-connected-1142790,Gold Fast-tracked Logo design Sport
https://99designs.hk/logo-design/contests/beatrix-potter-style-logo-photography-prints-store-1142782,Guaranteed Blind Logo design Photography
https://99designs.hk/logo-design/contests/vibrant-logo-mexican-artisanal-e-commerce-shop-1142780,Guaranteed Logo design Retail
https://99designs.hk/logo-design/contests/logo-innovative-health-app-1142769,Guaranteed Logo design Medical & Pharmaceutical
https://99designs.hk/logo-design/contests/unique-modern-abstract-logo-boutique-rental-properties-1142758,Guaranteed Logo design Travel & Hotel
https://99designs.hk/logo-design/contests/logo-podcast-focused-aeronautical-astronautical-engineering-1142757,Blind Fast-tracked Logo design Entertainment & The Arts
https://99designs.hk/logo-design/contests/classic-apparel-wear-logo-1142752,Logo design Fashion
https://99designs.hk/logo-design/contests/design-powerful-logo-high-end-outdoor-sleeping-bag-1142744,Gold Guaranteed Logo design Sport
https://99designs.hk/logo-design/contests/modern-design-engineering-tech-startup-1142738,Guaranteed Logo design Technology
https://99designs.hk/logo-design/contests/vybe-1142737,Guaranteed Logo design Computer
https://99designs.hk/logo-design/contests/battle-bot-logo-design-1142736,Gold Fast-tracked Logo design Sport
https://99designs.hk/logo-design/contests/logo-prot%C3%A9line-1142731,Blind Logo design Medical & Pharmaceutical
https://99designs.hk/logo-design/contests/design-logo-health-care-wellness-e-commerce-store-1142728,Guaranteed Logo design Retail
https://99designs.hk/logo-design/contests/image-revolution-1142725,Guaranteed Logo design Photography
https://99designs.hk/logo-design/contests/powerful-logo-freelancing-platform-1142718,Guaranteed Logo design Technology
https://99designs.hk/logo-design/contests/traditionelles-tierfutterunternehmen-ben%C3%B6tigt-neues-logo-1142712,Guaranteed Logo design Animal & Pet
https://99designs.hk/logo-design/contests/family-crest-valentines-day-1142706,Guaranteed Logo design Internet
https://99designs.hk/logo-design/contests/quick-home-offers-1142705,Logo design Real Estate & Mortgage
https://99designs.hk/logo-design/contests/sports-betting-advantage-website-needs-something-eyecatching-1142703,Guaranteed Logo design Sport
https://99designs.hk/logo-design/contests/design-minimalist-lawn-mower-repair-logo-target-homeowners-1142701,Guaranteed Logo design Automotive
https://99designs.hk/logo-design/contests/home-inpection-business-logo-1142696,Logo design Real Estate & Mortgage
https://99designs.hk/logo-design/contests/logo-creativity-coach-who-helps-designers-reach-full-1142695,Guaranteed Logo design Business & Consulting
https://99designs.hk/logo-design/contests/logo-design-health-project-cambodia-supported-fan-club-1142689,Guaranteed Blind Logo design Community & Non-Profit
https://99designs.hk/logo-design/contests/creative-logo-crowdfundly-1142674,Guaranteed Logo design Community & Non-Profit
https://99designs.hk/logo-design/contests/fine-jewelry-ecommerce-logo-1142667,Guaranteed Logo design Retail
https://99designs.hk/logo-design/contests/logo-f%C3%BCr-die-bewusstseins-arbeit-eines-energetikers-1142665,Guaranteed Logo design Medical & Pharmaceutical
https://99designs.hk/logo-design/contests/design-logo-farmers-market-stand-1142662,Guaranteed Logo design Food & Drink
https://99designs.hk/logo-design/contests/help-me-create-bossy-girly-logo-nail-bar-1142658,Guaranteed Logo design Cosmetics & Beauty
https://99designs.hk/logo-design/contests/eye-catching-design-full-time-travel-family-1142657,Guaranteed Logo design Travel & Hotel
https://99designs.hk/logo-design/contests/design-1142655,Guaranteed Logo design Fashion
https://99designs.hk/logo-design/contests/modern-edgy-photography-studio-next-big-project-1142644,Gold Guaranteed Logo design Photography
https://99designs.hk/logo-design/contests/modern-dental-office-logo-1142635,Guaranteed Logo design Medical & Pharmaceutical
https://99designs.hk/logo-design/contests/welcome-gamer-paradise-1142631,Guaranteed Logo design Internet
https://99designs.hk/logo-design/contests/elegant-logo-twist-unique-boutique-ladies-home-1142627,Guaranteed Logo design Home Furnishing
https://99designs.hk/logo-design/contests/cutting-edge-high-end-audio-visual-company-seeks-1142626,Logo design Technology
https://99designs.hk/logo-design/contests/design-unforgettable-logo-young-texas-motorcycle-road-racer-1142625,Guaranteed Logo design Sport
https://99designs.hk/logo-design/contests/professional-gaming-team-logo-1142624,Guaranteed Fast-tracked Logo design Computer
https://99designs.hk/logo-design/contests/real-estate-related-logo-mountain-view-home-inspection-1142621,Guaranteed Logo design Real Estate & Mortgage
https://99designs.hk/logo-design/contests/bold-yet-classic-logo-forestry-land-clearing-business-1142619,Gold Guaranteed Logo design Construction
https://99designs.hk/logo-design/contests/logo-eradicate-lazy-brand-1142617,Logo design
https://99designs.hk/logo-design/contests/valyou-logo-1142615,Guaranteed Logo design Technology
https://99designs.hk/logo-design/contests/logo-design-inspra-racing-1142612,Guaranteed Blind Logo design Photography
https://99designs.hk/logo-design/contests/homes-renovations-1142607,Guaranteed Fast-tracked Logo design Construction
https://99designs.hk/logo-design/contests/ultimate-survival-image-challenge-1142606,Guaranteed Blind Logo design Business & Consulting
https://99designs.hk/logo-design/contests/got-ideas-want-1142599,Guaranteed Blind Logo design Cosmetics & Beauty
https://99designs.hk/logo-design/contests/simple-logo-leaves-positive-impression-fitness-industry-1142596,Guaranteed Logo design Physical Fitness
https://99designs.hk/logo-design/contests/coaching-company-chondria-1142594,Guaranteed Logo design Business & Consulting
https://99designs.hk/logo-design/contests/glass-home-goods-1142585,Guaranteed Logo design Retail
https://99designs.hk/logo-design/contests/iconic-eye-catching-design-team-jackets-figure-skating-1142584,Guaranteed Blind Logo design Sport
https://99designs.hk/logo-design/contests/simple-sophisticated-trucking-logo-1142579,Guaranteed Blind Logo design Accounting & Financial
https://99designs.hk/logo-design/contests/help-be-big-bold-1142578,Guaranteed Logo design Agriculture
https://99designs.hk/logo-design/contests/sowal-health-wellness-1142571,Gold Guaranteed Logo design Medical & Pharmaceutical
https://99designs.hk/logo-design/contests/magnetic-needs-logo-1142560,Gold Guaranteed Blind Logo design Technology
https://99designs.hk/logo-design/contests/create-logo-name-brand-print-high-quality-leather-1142558,Guaranteed Logo design Fashion
https://99designs.hk/logo-design/contests/game-logo-design-dark-fantasy-modern-1142556,Guaranteed Blind Logo design Games & Recreational
https://99designs.hk/logo-design/contests/meaningful-logo-end-life-startup-public-benefit-corporation-1142555,Logo design Technology
https://99designs.hk/logo-design/contests/sleek-letter-p-x-blended-o-1142552,Guaranteed Logo design Technology
https://99designs.hk/logo-design/contests/yads-marketing-freelancer-needs-modern-logo-help-me-1142550,Guaranteed Logo design Business & Consulting
https://99designs.hk/logo-design/contests/design-logo-catering-food-truck-vermont-1142548,Guaranteed Logo design Food & Drink
https://99designs.hk/logo-design/contests/powerful-logo-skincare-beauty-company-1142547,Guaranteed Logo design Cosmetics & Beauty
https://99designs.hk/logo-design/contests/top-boxing-fighting-equipment-1142546,Guaranteed Logo design Sport
https://99designs.hk/logo-design/contests/design-logo-liquor-beer-wine-establishment-1142545,Logo design Food & Drink
https://99designs.hk/logo-design/contests/st-logo-fish-hands-franky-fly-fishing-youtube-1142541,Guaranteed Logo design Sport
https://99designs.hk/logo-design/contests/startup-mental-health-company-looking-make-statement-industry-1142532,Guaranteed Logo design Medical & Pharmaceutical
https://99designs.hk/logo-design/contests/creative-cosmic-god-video-game-1142530,Guaranteed Logo design Entertainment & The Arts
https://99designs.hk/logo-design/contests/live-streaming-tech-store-logo-1142522,Guaranteed Fast-tracked Logo design Internet
https://99designs.hk/logo-design/contests/looking-logo-clever-creative-flare-webshop-1142519,Guaranteed Logo design Technology
https://99designs.hk/logo-design/contests/design-modern-inspiring-logo-liquidation-business-selling-quality-1142517,Guaranteed Logo design Retail
https://99designs.hk/logo-design/contests/design-cosmic-wonder-logo-spiritual-adventure-travel-agency-1142510,Guaranteed Logo design Travel & Hotel
https://99designs.hk/logo-design/contests/dog-training-company-needs-creative-logo-1142508,Guaranteed Logo design Animal & Pet
https://99designs.hk/logo-design/contests/raw-honey-farm-logo-1142506,Guaranteed Logo design Food & Drink
https://99designs.hk/logo-design/contests/elite-ballet-school-logo-design-1142500,Guaranteed Logo design Entertainment & The Arts
https://99designs.hk/logo-design/contests/local-powerful-branding-insurance-1142499,Logo design Business & Consulting
https://99designs.hk/logo-design/contests/capture-vision-telemedicine-logo-combines-professional-awesome-think-1142495,Guaranteed Logo design Medical & Pharmaceutical
https://99designs.hk/logo-design/contests/powerful-logo-wellness-center-1142494,Guaranteed Logo design Medical & Pharmaceutical
https://99designs.hk/logo-design/contests/design-modern-sophisticated-logo-mens-clothing-retail-store-1142488,Guaranteed Logo design Retail
https://99designs.hk/logo-design/contests/sleek-sophisticated-creative-design-startup-telecom-brokerage-company-1142478,Guaranteed Logo design Communications
https://99designs.hk/logo-design/contests/digital-marketing-agency-businesses-looking-scale-online-1142470,Guaranteed Logo design Business & Consulting
https://99designs.hk/logo-design/contests/martial-arts-logo-mma-brazilian-jiu-jitsu-1142468,Guaranteed Logo design Sport
https://99designs.hk/logo-design/contests/logo-rebranding-youth-sports-program-1142466,Guaranteed Logo design Sport
https://99designs.hk/logo-design/contests/team-realtors-needs-fun-logo-isn-t-house-1142453,Guaranteed Logo design Real Estate & Mortgage
https://99designs.hk/logo-design/contests/weather-tech-logo-1142452,Guaranteed Logo design Technology
https://99designs.hk/logo-design/contests/official-governmental-logo-statistical-data-bureau-1142450,Guaranteed Logo design Political
https://99designs.hk/logo-design/contests/design-logo-youth-soccer-tournament-pacific-northwest-united-1142446,Logo design Sport
https://99designs.hk/logo-design/contests/design-logo-investing-company-1142445,Gold Blind Fast-tracked Logo design Business & Consulting
https://99designs.hk/logo-design/contests/e-labs-logo-creation-1142442,Gold Guaranteed Logo design Technology
https://99designs.hk/logo-design/contests/biotech-startup-logo-website-1142439,Gold Guaranteed Fast-tracked Logo design Medical & Pharmaceutical
https://99designs.hk/logo-design/contests/offroad-wheel-logo-design-1142438,Guaranteed Logo design Automotive
https://99designs.hk/logo-design/contests/college-golf-tour-1142437,Guaranteed Logo design Sport
https://99designs.hk/logo-design/contests/sigma-cyber-1142434,Guaranteed Logo design Technology
https://99designs.hk/logo-design/contests/sky-event-space-1142433,Guaranteed Logo design Food & Drink
https://99designs.hk/logo-design/contests/logo-appeal-outdoor-health-environmental-nonprofits-1142428,Guaranteed Logo design Business & Consulting
https://99designs.hk/logo-design/contests/logo-low-cost-subscription-website-service-1142427,Guaranteed Logo design Art & Design
https://99designs.hk/logo-design/contests/boho-soft-feminine-minimalist-logo-prenatal-postnatal-wellness-1142424,Guaranteed Logo design Physical Fitness
https://99designs.hk/logo-design/contests/help-city-find-its-best-self-1142420,Guaranteed Logo design Community & Non-Profit
https://99designs.hk/logo-design/contests/supertap-nfc-contactless-africa-1142419,Guaranteed Blind Logo design Technology
https://99designs.hk/logo-design/contests/logo-pops-financial-industry-1142418,Guaranteed Logo design Accounting & Financial
https://99designs.hk/logo-design/contests/great-logo-design-e-commerce-course-lawyers-1142415,Guaranteed Fast-tracked Logo design Business & Consulting
https://99designs.hk/logo-design/contests/design-elegant-logo-hawaii-real-estate-broker-1142412,Guaranteed Logo design Real Estate & Mortgage
https://99designs.hk/logo-design/contests/make-dentist-less-intimidating-1142411,Guaranteed Logo design Medical & Pharmaceutical
https://99designs.hk/logo-design/contests/basketball-league-logo-1142410,Guaranteed Blind Logo design Sport
https://99designs.hk/logo-design/contests/eagle-logo-cryptocurrency-investment-fund-1142408,Guaranteed Logo design Accounting & Financial
https://99designs.hk/logo-design/contests/bath-product-company-logo-design-1142402,Guaranteed Blind Logo design Cosmetics & Beauty
https://99designs.hk/logo-design/contests/sleek-modern-logo-design-law-firm-1142399,Guaranteed Logo design Attorney & Law
https://99designs.hk/logo-design/contests/sophisticated-logo-self-employed-law-office-1142398,Guaranteed Logo design Attorney & Law
https://99designs.hk/logo-design/contests/hive-themed-logo-cybersecurity-company-1142381,Guaranteed Logo design Security
https://99designs.hk/logo-design/contests/creative-logo-small-business-clear-modern-1142378,Guaranteed Blind Logo design Sport
https://99designs.hk/logo-design/contests/help-honor-past-embrace-future-1142371,Gold Guaranteed Logo design Real Estate & Mortgage
https://99designs.hk/logo-design/contests/subtle-professional-theme-insinuating-quality-service-1142369,Guaranteed Logo design Construction
https://99designs.hk/logo-design/contests/boho-chic-hair-salon-logo-attract-modern-woman-1142364,Guaranteed Logo design Cosmetics & Beauty
https://99designs.hk/logo-design/contests/vertrauensw%C3%BCrdiges-design-f%C3%BCr-alle-m%C3%B6glichen-kunden-1142363,Guaranteed Logo design
https://99designs.hk/logo-design/contests/brand-roofing-company-needs-creative-outdoorsy-logo-1142362,Guaranteed Logo design Construction
https://99designs.hk/logo-design/contests/logo-christian-bible-publisher-1142361,Gold Guaranteed Blind Logo design Retail
https://99designs.hk/logo-design/contests/nonprofit-fitness-well-being-logo-1142359,Guaranteed Fast-tracked Logo design Sport
https://99designs.hk/logo-design/contests/design-modern-fun-logo-craft-beer-brewery-1142353,Guaranteed Logo design Bar & Nightclub
https://99designs.hk/logo-design/contests/looking-stand-out-design-youth-wear-proudly-1142351,Guaranteed Logo design Sport
https://99designs.hk/logo-design/contests/besoin-d-un-logo-pour-v%C3%AAtement-chic-1142346,Guaranteed Logo design Fashion
https://99designs.hk/logo-design/contests/powerful-logo-design-bring-mental-health-1142343,Guaranteed Logo design Medical & Pharmaceutical
https://99designs.hk/logo-design/contests/consumer-insights-research-firm-logo-1142338,Fast-tracked Logo design Business & Consulting
https://99designs.hk/logo-design/contests/logo-church-growth-summit-free-online-event-christian-1142334,Guaranteed Logo design Education
https://99designs.hk/logo-design/contests/logo-design-women-clothing-brand-1142329,Guaranteed Logo design Fashion
https://99designs.hk/logo-design/contests/logo-icon-design-southeast-framing-construction-1142326,Guaranteed Logo design Construction
https://99designs.hk/logo-design/contests/venture-capital-incubator-focused-carbon-environmental-investments-1142325,Gold Guaranteed Logo design Environmental
https://99designs.hk/logo-design/contests/design-neon-logo-indoor-trampoline-park-1142324,Gold Guaranteed Blind Logo design Games & Recreational
https://99designs.hk/logo-design/contests/revise-electrolytes-logo-clear-instructions-fast-design-work-1142317,Guaranteed Logo design Physical Fitness
https://99designs.hk/logo-design/contests/design-logo-saas-building-management-app-belgium-1142314,Guaranteed Logo design Technology
https://99designs.hk/logo-design/contests/creative-bounce-castle-rental-company-re-looking-great-1142309,Guaranteed Logo design Games & Recreational
https://99designs.hk/logo-design/contests/creative-logo-small-used-car-lot-business-close-1142308,Guaranteed Blind Logo design Automotive
https://99designs.hk/logo-design/contests/whimsical-fun-kids-skin-body-care-line-1142304,Gold Guaranteed Logo design Cosmetics & Beauty
https://99designs.hk/logo-design/contests/design-captures-traditional-ag-services-modern-approach-technologies-1142301,Guaranteed Logo design Agriculture
https://99designs.hk/logo-design/contests/logodesign-monkey-gym-martial-arts-fitness-1142298,Guaranteed Logo design Sport
https://99designs.hk/logo-design/contests/design-simple-instagramable-logo-modern-chinese-fusion-fast-1142292,Guaranteed Logo design Food & Drink
https://99designs.hk/logo-design/contests/happy-event-planner-online-podcast-logo-1142291,Guaranteed Fast-tracked Logo design Entertainment & The Arts
https://99designs.hk/logo-design/contests/company-logo-brand-business-1142290,Guaranteed Logo design Cleaning & Maintenance
https://99designs.hk/logo-design/contests/make-logo-look-more-professional-1142289,Guaranteed Logo design Construction
https://99designs.hk/logo-design/contests/logo-consulting-services-aquaculture-pond-farming-1142284,Guaranteed Blind Logo design Agriculture
https://99designs.hk/logo-design/contests/help-me-boost-coaching-start-up-business-1142281,Guaranteed Logo design Business & Consulting
https://99designs.hk/logo-design/contests/logo-startup-1142280,Guaranteed Blind Logo design Medical & Pharmaceutical
https://99designs.hk/logo-design/contests/natural-silver-thatch-palm-equestrian-spin-1142278,Guaranteed Logo design Animal & Pet
https://99designs.hk/logo-design/contests/cersasi-nuovo-logo-per-rivenditore-ufficiale-aprilia-e-1142277,Guaranteed Logo design Automotive
https://99designs.hk/logo-design/contests/crea-un-logo-per-hotel-che-verr%C3%A0-completamente-1142276,Guaranteed Logo design Travel & Hotel
https://99designs.hk/logo-design/contests/fresh-cool-e-commerce-company-1142274,Guaranteed Logo design Retail
https://99designs.hk/logo-design/contests/family-office-dedicated-art-business-lifestyle-1142273,Guaranteed Logo design Art & Design
https://99designs.hk/logo-design/contests/podcast-logo-f%C3%BCr-die-gr%C3%B6%C3%9Fte-social-media-agentur-1142272,Guaranteed Blind Logo design Communications
https://99designs.hk/logo-design/contests/kaans-highschool-riviera-maya-cancun-winner-takes-1142261,Guaranteed Logo design Education
https://99designs.hk/logo-design/contests/sci-fi-logo-design-tokyo-based-alt-pop-1142260,Guaranteed Logo design Entertainment & The Arts
https://99designs.hk/logo-design/contests/strong-clean-image-attract-business-1142257,Guaranteed Logo design Construction
https://99designs.hk/logo-design/contests/design-creative-logo-mobile-rv-technician-business-1142252,Guaranteed Logo design Technology
https://99designs.hk/logo-design/contests/logo-professional-female-drummer-1142249,Guaranteed Logo design Entertainment & The Arts
https://99designs.hk/logo-design/contests/design-logo-tech-startup-high-school-students-1142248,Guaranteed Logo design Education
https://99designs.hk/logo-design/contests/juicy-homes-design-logo-1142242,Guaranteed Logo design Real Estate & Mortgage
https://99designs.hk/logo-design/contests/design-logo-brand-changes-lives-1142241,Guaranteed Blind Logo design Education
https://99designs.hk/logo-design/contests/nostalgic-logo-cover-band-1142237,Guaranteed Logo design Entertainment & The Arts
https://99designs.hk/logo-design/contests/excavation-business-logo-1142236,Guaranteed Logo design Construction
https://99designs.hk/logo-design/contests/logo-regenerative-medicine-peptide-product-1142225,Guaranteed Logo design Medical & Pharmaceutical
https://99designs.hk/logo-design/contests/current-river-classic-cars-business-where-meet-great-1142220,Guaranteed Logo design Automotive
https://99designs.hk/logo-design/contests/fun-design-kids-event-1142218,Guaranteed Logo design Education
https://99designs.hk/logo-design/contests/rjp-foundation-logo-help-support-teen-mental-health-1142217,Guaranteed Logo design Community & Non-Profit
https://99designs.hk/logo-design/contests/maji-ai-1142213,Guaranteed Logo design Technology
https://99designs.hk/logo-design/contests/modern-possibly-geeky-design-technical-company-film-tv-1142212,Guaranteed Logo design Photography
https://99designs.hk/logo-design/contests/dthsaa-logo-1142209,Guaranteed Logo design Community & Non-Profit
https://99designs.hk/logo-design/contests/put-monster-monsterworx-1142202,Guaranteed Logo design Entertainment & The Arts
https://99designs.hk/logo-design/contests/design-logo-bakery-sells-baked-goods-retail-stores-1142198,Guaranteed Logo design Food & Drink
https://99designs.hk/logo-design/contests/jennifer-jo-real-estate-brokerage-1142194,Guaranteed Logo design Real Estate & Mortgage
https://99designs.hk/logo-design/contests/design-modern-logo-online-mortgage-rate-marketplace-1142193,Guaranteed Blind Logo design Real Estate & Mortgage
https://99designs.hk/logo-design/contests/powerfull-logo-attract-companies-individuals-around-world-1142185,Guaranteed Logo design Automotive
https://99designs.hk/logo-design/contests/flyusa-logo-1142181,Guaranteed Fast-tracked Logo design Travel & Hotel
https://99designs.hk/logo-design/contests/logo-edm-dj-persona-1142179,Guaranteed Logo design Entertainment & The Arts
https://99designs.hk/logo-design/contests/logo-pediatric-psychologist-1142178,Guaranteed Logo design Medical & Pharmaceutical
