,href,tags
0,https://99designs.hk/logo-design/contests/looking-sleek-creative-logo-design-multimedia-company-1139850,Guaranteed Fast-tracked Logo design Photography
1,https://99designs.hk/logo-design/contests/logo-needed-make-people-think-san-antonio-housing-1139678,Guaranteed Blind Fast-tracked Logo design Real Estate & Mortgage
2,https://99designs.hk/logo-design/contests/real-estate-team-logo-1139653,Guaranteed Logo design Real Estate & Mortgage
3,https://99designs.hk/logo-design/contests/design-women-lawyers-who-powerful-leaders-creating-change-1139543,Gold Guaranteed Fast-tracked Logo design Business & Consulting
4,https://99designs.hk/logo-design/contests/logo-f%C3%BCr-shopynator-de-1139485,Logo design Business & Consulting
5,https://99designs.hk/logo-design/contests/nombre-para-restaurante-en-hotel-boutique-1139447,Blind Fast-tracked Logo design Food & Drink
6,https://99designs.hk/logo-design/contests/professionelles-monogram-logo-f%C3%BCr-mein-online-business-1139387,Guaranteed Logo design Internet
7,https://99designs.hk/logo-design/contests/eye-catching-logo-needed-freelance-business-1139384,Guaranteed Logo design Communications
8,https://99designs.hk/logo-design/contests/design-futuristic-logo-vr-tech-company-1139380,Guaranteed Logo design Technology
9,https://99designs.hk/logo-design/contests/design-perfect-logo-biggest-sailing-community-1139372,Fast-tracked Logo design Community & Non-Profit
14,https://99designs.hk/logo-design/contests/business-park-logo-1139264,Guaranteed Fast-tracked Logo design Real Estate & Mortgage
15,https://99designs.hk/logo-design/contests/design-logo-small-transactional-law-firm-appeal-artists-1139259,Blind Logo design Attorney & Law
16,https://99designs.hk/logo-design/contests/design-parent-coaching-business-1139215,Guaranteed Logo design Community & Non-Profit
19,https://99designs.hk/logo-design/contests/millernova-bamboo-logo-desighn-1139171,Guaranteed Logo design Home Furnishing
21,https://99designs.hk/logo-design/contests/lead-coach-inspire-real-estate-agents-small-towns-1139144,Guaranteed Logo design Real Estate & Mortgage
22,https://99designs.hk/logo-design/contests/modern-design-decarbonization-metals-database-1139112,Gold Guaranteed Logo design Industrial
24,https://99designs.hk/logo-design/contests/seven-design-1139099,Guaranteed Logo design Art & Design
29,https://99designs.hk/logo-design/contests/cute-dog-flower-logo-cardmaker-1139007,Guaranteed Logo design Animal & Pet
63,https://99designs.hk/logo-design/contests/versatile-clothing-logo-speaks-personal-flair-style-1138968,Fast-tracked Logo design Retail
64,https://99designs.hk/logo-design/contests/great-design-modern-family-oriented-repair-shop-1138954,Guaranteed Logo design Automotive
68,https://99designs.hk/logo-design/contests/playful-logo-poker-tournament-timer-1138912,Gold Guaranteed Logo design Entertainment & The Arts
70,https://99designs.hk/logo-design/contests/clean-logo-international-leadership-development-program-1138839,Guaranteed Logo design Medical & Pharmaceutical
71,https://99designs.hk/logo-design/contests/design-website-building-tool-logo-1138822,Guaranteed Logo design Internet
76,https://99designs.hk/logo-design/contests/design-logo-eye-catching-sophisticated-screams-quality-construction-1138782,Guaranteed Logo design Construction
77,https://99designs.hk/logo-design/contests/logo-highly-exclusive-group-1138776,Guaranteed Fast-tracked Logo design Business & Consulting
78,https://99designs.hk/logo-design/contests/fun-modern-logo-hot-sauce-retailer-1138773,Logo design Retail
79,https://99designs.hk/logo-design/contests/design-logo-real-estate-holding-company-1138767,Guaranteed Logo design Real Estate & Mortgage
81,https://99designs.hk/logo-design/contests/design-logo-modern-folk-musican-artist-1138751,Guaranteed Logo design Entertainment & The Arts
83,https://99designs.hk/logo-design/contests/omfg-fastify-needs-logo-drill-1138715,Guaranteed Logo design Technology
86,https://99designs.hk/logo-design/contests/greek-influenced-logo-legacy-feel-1138687,Guaranteed Blind Logo design Religious
87,https://99designs.hk/logo-design/contests/logo-ny-art-consulting-business-1138672,Guaranteed Blind Logo design Art & Design
88,https://99designs.hk/logo-design/contests/logo-product-brand-under-parent-company-1138662,Guaranteed Blind Logo design Business & Consulting
89,https://99designs.hk/logo-design/contests/event-logo-sparkling-wine-spectacular-1138650,Guaranteed Blind Logo design Restaurant
92,https://99designs.hk/logo-design/contests/medical-catheter-components-development-manufacturing-1138638,Guaranteed Fast-tracked Logo design Medical & Pharmaceutical
93,https://99designs.hk/logo-design/contests/professional-voice-over-logo-1138628,Guaranteed Logo design Entertainment & The Arts
98,https://99designs.hk/logo-design/contests/logo-educational-travel-provider-1138579,Fast-tracked Logo design Education
101,https://99designs.hk/logo-design/contests/siyodo-finally-simple-platform-signing-documents-1138566,Platinum Guaranteed Blind Logo design Internet
103,https://99designs.hk/logo-design/contests/design-logo-mobile-pet-grooming-company-rebranding-1138556,Guaranteed Logo design Animal & Pet
105,https://99designs.hk/logo-design/contests/logo-japanese-street-food-restaurant-1138553,Guaranteed Blind Logo design Food & Drink
106,https://99designs.hk/logo-design/contests/original-design-wine-bar-shop-logo-1138540,Guaranteed Logo design Food & Drink
114,https://99designs.hk/logo-design/contests/design-typography-logo-boutique-nordic-hotel-space-1138484,Guaranteed Logo design Travel & Hotel
117,https://99designs.hk/logo-design/contests/logo-pour-la-consigne-de-bouteilles-et-contenants-1138435,Guaranteed Logo design
118,https://99designs.hk/logo-design/contests/albert-cantu-logo-1138434,Guaranteed Logo design Real Estate & Mortgage
120,https://99designs.hk/logo-design/contests/jerseystore-1138403,Guaranteed Logo design Business & Consulting
121,https://99designs.hk/logo-design/contests/logo-creates-sense-trust-security-homeowners-tough-situations-1138400,Gold Guaranteed Fast-tracked Logo design Real Estate & Mortgage
123,https://99designs.hk/logo-design/contests/end-sight-tapes-never-fear-near-1138392,Guaranteed Logo design Retail
127,https://99designs.hk/logo-design/contests/logo-f%C3%BCr-eine-neue-fitnessstudiokette-deutschland-1138312,Fast-tracked Logo design Sport
129,https://99designs.hk/logo-design/contests/conoha-1138288,Gold Guaranteed Logo design Construction
130,https://99designs.hk/logo-design/contests/design-smooth-logo-meditation-products-brand-1138280,Guaranteed Logo design Retail
131,https://99designs.hk/logo-design/contests/youthful-logo-safe-mild-sanitizing-brand-japan-1138276,Gold Guaranteed Logo design Medical & Pharmaceutical
134,https://99designs.hk/logo-design/contests/green-energy-company-hydrogen-renewables-1138263,Gold Guaranteed Logo design Technology
136,https://99designs.hk/logo-design/contests/modern-automotive-performance-company-1138233,Guaranteed Logo design Automotive
143,https://99designs.hk/logo-design/contests/design-equine-breathing-treatment-logo-1138164,Guaranteed Fast-tracked Logo design Sport
149,https://99designs.hk/logo-design/contests/design-modern-exciting-logo-logistics-business-1138102,Guaranteed Blind Logo design Retail
150,https://99designs.hk/logo-design/contests/young-consultant-search-modern-design-1138098,Guaranteed Logo design Business & Consulting
152,https://99designs.hk/logo-design/contests/ontwerp-een-hip-logo-zodat-ik-mensen-kan-1138089,Guaranteed Logo design Dating
166,https://99designs.hk/logo-design/contests/logo-design-color-scheme-financial-analytics-company-nordic-1137971,Guaranteed Logo design Accounting & Financial
170,https://99designs.hk/logo-design/contests/sunflow-fields-real-estate-design-1137948,Guaranteed Logo design Real Estate & Mortgage
171,https://99designs.hk/logo-design/contests/pizza-hunter-yr-old-entrepreneur-business-1137942,Guaranteed Blind Logo design Food & Drink
173,https://99designs.hk/logo-design/contests/classic-design-caribbean-flair-luxury-villa-jamaica-1137935,Gold Guaranteed Logo design Travel & Hotel
174,https://99designs.hk/logo-design/contests/ole-bama-property-company-logo-1137933,Gold Guaranteed Logo design Business & Consulting
176,https://99designs.hk/logo-design/contests/design-political-logo-perennial-candidate-electile-dysfuction-1137918,Guaranteed Logo design Fashion
183,https://99designs.hk/logo-design/contests/beautiful-logo-online-flower-shop-who-sells-gorgeous-1137869,Guaranteed Logo design Floral
186,https://99designs.hk/logo-design/contests/alcohol-distributor-looking-look-simple-classy-pin-up-1137850,Guaranteed Logo design Food & Drink
193,https://99designs.hk/logo-design/contests/cr%C3%A9er-un-logo-moderne-pour-une-association-de-1137822,Guaranteed Logo design Medical & Pharmaceutical
195,https://99designs.hk/logo-design/contests/logo-design-lawn-care-company-outside-st-louis-1137810,Guaranteed Logo design Landscaping
197,https://99designs.hk/logo-design/contests/design-wonders-company-1137805,Guaranteed Logo design Real Estate & Mortgage
199,https://99designs.hk/logo-design/contests/design-logo-company-which-will-be-expedia-people-1137786,Gold Guaranteed Logo design Travel & Hotel
214,https://99designs.hk/logo-design/contests/%C3%BCberarbeitung-und-auffrischung-eines-logos-der-fenster-baubranche-1137710,Guaranteed Logo design Construction
215,https://99designs.hk/logo-design/contests/indoor-golf-training-studio-seeks-minimalist-logo-conveys-1137708,Gold Guaranteed Logo design Sport
217,https://99designs.hk/logo-design/contests/luxury-home-goods-business-1137702,Guaranteed Logo design Retail
221,https://99designs.hk/logo-design/contests/trenchless-construction-logo-1137671,Blind Fast-tracked Logo design Construction
222,https://99designs.hk/logo-design/contests/friendly-bold-logo-design-growing-personal-finance-website-1137668,Guaranteed Fast-tracked Logo design Technology
223,https://99designs.hk/logo-design/contests/more-gaming-video-creator-1137666,Guaranteed Blind Fast-tracked Logo design Games & Recreational
224,https://99designs.hk/logo-design/contests/logo-design-sem-consulting-company-non-profits-1137664,Guaranteed Logo design Business & Consulting
225,https://99designs.hk/logo-design/contests/sinking-ship-fitness-company-1137650,Guaranteed Logo design Physical Fitness
226,https://99designs.hk/logo-design/contests/pink-fireworks-empowering-connecting-children-1137643,Guaranteed Logo design Community & Non-Profit
227,https://99designs.hk/logo-design/contests/aesthetic-bottle-art-brand-1137641,Guaranteed Logo design Spa & Esthetics
228,https://99designs.hk/logo-design/contests/donkey-days-1137634,Guaranteed Logo design Sport
229,https://99designs.hk/logo-design/contests/playful-coworking-space-logo-pirate-mascot-named-lola-1137629,Guaranteed Logo design Business & Consulting
230,https://99designs.hk/logo-design/contests/logo-epilepsy-nonprofit-will-look-awesome-merchandise-1137623,Guaranteed Logo design Community & Non-Profit
231,https://99designs.hk/logo-design/contests/dei-committee-logo-1137613,Guaranteed Logo design Technology
232,https://99designs.hk/logo-design/contests/small-town-business-needs-professionally-designed-logo-1137614,Guaranteed Logo design Construction
233,https://99designs.hk/logo-design/contests/design-abstract-logo-windows-doors-company-1137608,Guaranteed Logo design Construction
234,https://99designs.hk/logo-design/contests/sch%C3%B6nes-logo-f%C3%BCr-eine-solarstrom-infoportal-gesucht-1137606,Logo design Internet
235,https://99designs.hk/logo-design/contests/design-logo-toronto-newest-treadmill-fitness-studio-1137605,Guaranteed Logo design Physical Fitness
236,https://99designs.hk/logo-design/contests/brand-custom-electric-vehicle-company-1137600,Guaranteed Logo design Automotive
237,https://99designs.hk/logo-design/contests/vacation-homes-where-enjoy-comforts-home-view-ocean-1137599,Guaranteed Fast-tracked Logo design Real Estate & Mortgage
238,https://99designs.hk/logo-design/contests/apparel-academy-logo-where-influencers-learn-1137592,Fast-tracked Logo design Fashion
239,https://99designs.hk/logo-design/contests/design-modern-minimalist-logo-trendy-women-children-boutique-1137590,Guaranteed Logo design Fashion
240,https://99designs.hk/logo-design/contests/design-logo-personalized-hats-outdoor-beach-lifestyle-1137583,Guaranteed Logo design
241,https://99designs.hk/logo-design/contests/design-sophisticated-logo-wine-education-tasting-consulting-business-1137579,Guaranteed Logo design Food & Drink
242,https://99designs.hk/logo-design/contests/logo-growing-brokerage-firm-1137575,Guaranteed Logo design Real Estate & Mortgage
243,https://99designs.hk/logo-design/contests/dise%C3%B1a-un-logo-para-programa-en-tube-sobre-1137573,Guaranteed Logo design Entertainment & The Arts
244,https://99designs.hk/logo-design/contests/design-current-hip-logo-steak-cook-offs-1137570,Guaranteed Fast-tracked Logo design Food & Drink
245,https://99designs.hk/logo-design/contests/design-logo-luxury-bag-company-1137569,Guaranteed Logo design Fashion
246,https://99designs.hk/logo-design/contests/logo-established-real-estate-finance-company-1137568,Gold Guaranteed Fast-tracked Logo design Accounting & Financial
247,https://99designs.hk/logo-design/contests/logo-minreal-exploration-company-1137561,Guaranteed Blind Logo design Technology
248,https://99designs.hk/logo-design/contests/logo-exciting-startup-recruitment-agency-healthcare-professionals-clinical-1137556,Gold Guaranteed Logo design Business & Consulting
249,https://99designs.hk/logo-design/contests/logo-moderno-para-asesor%C3%ADa-empresarial-1137554,Guaranteed Logo design Accounting & Financial
250,https://99designs.hk/logo-design/contests/high-end-business-consultants-logo-1137553,Guaranteed Logo design Business & Consulting
251,https://99designs.hk/logo-design/contests/logo-mining-company-1137552,Guaranteed Logo design Industrial
252,https://99designs.hk/logo-design/contests/catchy-sleek-logo-promote-green-thumbs-1137546,Guaranteed Logo design Construction
253,https://99designs.hk/logo-design/contests/design-logo-family-breeds-doodle-puppies-home-1137544,Guaranteed Blind Fast-tracked Logo design Animal & Pet
254,https://99designs.hk/logo-design/contests/design-logo-insurance-agency-please-1137539,Guaranteed Logo design Business & Consulting
255,https://99designs.hk/logo-design/contests/comic-logo-language-arts-website-appeal-kids-1137531,Guaranteed Logo design Education
256,https://99designs.hk/logo-design/contests/unique-recognizable-simple-logo-1137524,Guaranteed Logo design Computer
257,https://99designs.hk/logo-design/contests/vistaprint-getlookthelook-bakery-1137519,Platinum Blind Fast-tracked Logo design Food & Drink
258,https://99designs.hk/logo-design/contests/slogan-image-websites-cashouthouse-1137516,Guaranteed Logo design Real Estate & Mortgage
259,https://99designs.hk/logo-design/contests/classic-southern-country-store-logo-make-community-feel-1137514,Guaranteed Logo design Retail
260,https://99designs.hk/logo-design/contests/logo-groupe-serval-1137508,Gold Guaranteed Logo design Wedding Service
261,https://99designs.hk/logo-design/contests/brauche-sch%C3%B6nes-logo-f%C3%BCr-eine-vergleichsplattform-1137498,Logo design Internet
262,https://99designs.hk/logo-design/contests/help-save-reefs-1137494,Guaranteed Logo design Animal & Pet
263,https://99designs.hk/logo-design/contests/awesome-logo-shopify-app-developer-company-1137481,Blind Fast-tracked Logo design Internet
264,https://99designs.hk/logo-design/contests/mielenz-metallbau-logo-1137479,Guaranteed Logo design Construction
265,https://99designs.hk/logo-design/contests/virtualestate-1137469,Guaranteed Logo design Real Estate & Mortgage
266,https://99designs.hk/logo-design/contests/design-logo-brand-provides-fun-educational-toys-kids-1137467,Guaranteed Logo design Retail
267,https://99designs.hk/logo-design/contests/branding-cultural-consulting-company-1137452,Guaranteed Logo design Business & Consulting
268,https://99designs.hk/logo-design/contests/timeless-design-gives-hope-1137448,Guaranteed Fast-tracked Logo design Medical & Pharmaceutical
269,https://99designs.hk/logo-design/contests/design-fun-modern-logo-subscription-bake-shop-1137447,Guaranteed Blind Logo design Food & Drink
270,https://99designs.hk/logo-design/contests/find-perfect-mix-modern-simplicity-beauty-please-design-1137442,Guaranteed Logo design Art & Design
271,https://99designs.hk/logo-design/contests/cool-corporate-high-end-logo-financial-industry-1137438,Guaranteed Logo design Real Estate & Mortgage
272,https://99designs.hk/logo-design/contests/world-class-logo-transformation-brand-heart-centered-entrepreneurs-1137435,Logo design Physical Fitness
273,https://99designs.hk/logo-design/contests/man-cave-called-attic-built-out-large-space-1137434,Guaranteed Logo design Bar & Nightclub
274,https://99designs.hk/logo-design/contests/crypto-card-project-1137419,Guaranteed Fast-tracked Logo design Business & Consulting
275,https://99designs.hk/logo-design/contests/super-hip-art-market-pottery-studio-focusing-local-1137413,Guaranteed Logo design Entertainment & The Arts
276,https://99designs.hk/logo-design/contests/support-american-heroes-podcast-1137410,Fast-tracked Logo design Entertainment & The Arts
277,https://99designs.hk/logo-design/contests/design-futuristic-logo-p-e-gaming-backend-engine-1137409,Guaranteed Logo design Technology
278,https://99designs.hk/logo-design/contests/clean-fun-joyful-logo-1137407,Guaranteed Logo design Cleaning & Maintenance
279,https://99designs.hk/logo-design/contests/make-accounting-fun-1137395,Gold Guaranteed Logo design Accounting & Financial
280,https://99designs.hk/logo-design/contests/apartment-community-logo-needed-think-mountains-building-house-1137384,Guaranteed Fast-tracked Logo design Real Estate & Mortgage
281,https://99designs.hk/logo-design/contests/free-steak-winner-1137381,Guaranteed Logo design Food & Drink
282,https://99designs.hk/logo-design/contests/bookkeeping-consultants-1137377,Guaranteed Logo design Accounting & Financial
283,https://99designs.hk/logo-design/contests/help-design-logo-future-brand-hot-mobile-gaming-1137376,Platinum Guaranteed Logo design Art & Design
284,https://99designs.hk/logo-design/contests/tech-startup-logo-appeal-global-companies-1137373,Guaranteed Logo design Technology
285,https://99designs.hk/logo-design/contests/death-core-design-training-company-1137372,Guaranteed Fast-tracked Logo design Physical Fitness
286,https://99designs.hk/logo-design/contests/design-junk-removal-business-1137369,Logo design Cleaning & Maintenance
287,https://99designs.hk/logo-design/contests/design-logo-family-real-estate-company-trustworthy-handshake-1137365,Guaranteed Blind Logo design Real Estate & Mortgage
288,https://99designs.hk/logo-design/contests/venture-capital-firm-logo-playful-side-serious-1137361,Guaranteed Logo design Business & Consulting
289,https://99designs.hk/logo-design/contests/craft-glitter-company-logo-contest-1137355,Guaranteed Logo design Art & Design
290,https://99designs.hk/logo-design/contests/refine-improve-current-logo-1137351,Gold Guaranteed Logo design Construction
291,https://99designs.hk/logo-design/contests/boring-engineering-logo-desparate-makeover-1137339,Guaranteed Fast-tracked Logo design Business & Consulting
292,https://99designs.hk/logo-design/contests/fresh-logo-wet-business-1137335,Guaranteed Logo design Construction
293,https://99designs.hk/logo-design/contests/contemporary-voice-actor-seeks-modern-creative-impactful-logo-1137325,Gold Guaranteed Fast-tracked Logo design Communications
294,https://99designs.hk/logo-design/contests/exklusives-logo-f%C3%BCr-eine-einzelhandelskette-babybedarf-1137319,Guaranteed Logo design Retail
295,https://99designs.hk/logo-design/contests/payment-floor-simple-clean-technology-merchants-1137308,Platinum Guaranteed Blind Logo design Technology
296,https://99designs.hk/logo-design/contests/help-bring-sunshine-hydration-key-west-1137302,Gold Guaranteed Logo design Spa & Esthetics
297,https://99designs.hk/logo-design/contests/strong-logo-online-store-appeals-contractors-architects-1137301,Guaranteed Logo design Construction
298,https://99designs.hk/logo-design/contests/steph-kost-photography-1137300,Guaranteed Logo design Photography
299,https://99designs.hk/logo-design/contests/wishing-spiritually-meaningful-logo-wellness-yoga-retreats-1137292,Guaranteed Blind Logo design Spa & Esthetics
300,https://99designs.hk/logo-design/contests/help-please-design-logo-interior-designer-who-stuck-1137287,Guaranteed Fast-tracked Logo design Art & Design
301,https://99designs.hk/logo-design/contests/engrave-day-logo-1137277,Logo design Art & Design
302,https://99designs.hk/logo-design/contests/create-own-brand-logo-1137275,Guaranteed Blind Logo design Internet
303,https://99designs.hk/logo-design/contests/logo-expert-surgeon-medical-legal-business-1137267,Guaranteed Logo design Medical & Pharmaceutical
304,https://99designs.hk/logo-design/contests/design-logo-organic-fresh-juice-company-colorado-1137262,Guaranteed Logo design Food & Drink
305,https://99designs.hk/logo-design/contests/logo-contest-1137258,Gold Guaranteed Fast-tracked Logo design Fashion
306,https://99designs.hk/logo-design/contests/printing-services-celebrating-people-behind-success-1137252,Guaranteed Logo design Industrial
307,https://99designs.hk/logo-design/contests/friendly-logo-real-estate-company-1137250,Guaranteed Logo design Real Estate & Mortgage
308,https://99designs.hk/logo-design/contests/logo-design-luxury-family-brand-retail-space-1137249,Guaranteed Logo design Retail
309,https://99designs.hk/logo-design/contests/help-give-vibrant-dessert-restaurant-identity-something-unique-1137247,Guaranteed Logo design Food & Drink
310,https://99designs.hk/logo-design/contests/mascot-logo-motorcycle-community-1137244,Guaranteed Logo design Community & Non-Profit
311,https://99designs.hk/logo-design/contests/logo-appeals-more-larger-audience-expand-over-next-1137243,Guaranteed Logo design Business & Consulting
312,https://99designs.hk/logo-design/contests/design-refreshingly-unique-logo-dental-care-professionals-agency-1137241,Guaranteed Blind Logo design Medical & Pharmaceutical
313,https://99designs.hk/logo-design/contests/beatiful-logo-pet-related-services-retail-shop-1137238,Guaranteed Blind Logo design Animal & Pet
314,https://99designs.hk/logo-design/contests/fun-logo-design-private-residence-1137234,Guaranteed Logo design Real Estate & Mortgage
315,https://99designs.hk/logo-design/contests/un-logo-vinotherapy-1137232,Guaranteed Logo design Bar & Nightclub
316,https://99designs.hk/logo-design/contests/carbon-neutral-badge-kick-ass-climate-active-companies-1137228,Guaranteed Logo design Environmental
317,https://99designs.hk/logo-design/contests/firefighter-leatherworker-logo-1137226,Guaranteed Logo design Art & Design
318,https://99designs.hk/logo-design/contests/logo-artistic-awards-company-1137221,Guaranteed Logo design Art & Design
319,https://99designs.hk/logo-design/contests/logo-needed-start-up-pr-agency-aims-work-1137215,Guaranteed Logo design Business & Consulting
320,https://99designs.hk/logo-design/contests/songbird-travel-company-1137213,Guaranteed Logo design Travel & Hotel
321,https://99designs.hk/logo-design/contests/crime-cold-case-initiative-1137210,Logo design Community & Non-Profit
322,https://99designs.hk/logo-design/contests/craft-wine-association-logo-1137208,Guaranteed Logo design Food & Drink
323,https://99designs.hk/logo-design/contests/custom-home-builder-logo-will-stand-test-time-1137202,Guaranteed Logo design Construction
324,https://99designs.hk/logo-design/contests/danbar-fibres-1137198,Guaranteed Logo design Construction
325,https://99designs.hk/logo-design/contests/sleek-modern-logo-modeling-agency-1137193,Guaranteed Logo design Fashion
326,https://99designs.hk/logo-design/contests/funky-age-embroidery-business-1137191,Guaranteed Logo design Art & Design
327,https://99designs.hk/logo-design/contests/business-forensic-accounting-litigation-support-1137189,Guaranteed Logo design Accounting & Financial
328,https://99designs.hk/logo-design/contests/seeking-playful-colorful-logo-brand-1137180,Guaranteed Fast-tracked Logo design Retail
329,https://99designs.hk/logo-design/contests/design-powerful-modern-real-estate-logo-company-1137179,Guaranteed Logo design Real Estate & Mortgage
330,https://99designs.hk/logo-design/contests/solar-power-campgrounds-be-part-solution-1137176,Guaranteed Logo design Technology
331,https://99designs.hk/logo-design/contests/make-logo-idea-look-better-more-artistic-1137173,Guaranteed Logo design Agriculture
332,https://99designs.hk/logo-design/contests/buzz-decors-ecommerce-brand-online-shop-home-furnishings-1137172,Guaranteed Logo design Home Furnishing
333,https://99designs.hk/logo-design/contests/badass-logo-attract-cool-entrepreneurs-1137163,Guaranteed Logo design Technology
334,https://99designs.hk/logo-design/contests/line-art-natural-elements-botanical-celestial-trees-appeal-1137159,Guaranteed Logo design Spa & Esthetics
335,https://99designs.hk/logo-design/contests/design-simple-clean-modern-logo-real-estate-course-1137156,Guaranteed Logo design Real Estate & Mortgage
336,https://99designs.hk/logo-design/contests/predictive-chaos-logo-1137153,Guaranteed Blind Logo design Technology
337,https://99designs.hk/logo-design/contests/western-canada-junior-collegiate-showcase-1137150,Blind Fast-tracked Logo design Sport
338,https://99designs.hk/logo-design/contests/design-company-logo-material-testing-geotechnical-environmental-engineering-1137143,Guaranteed Logo design Environmental
339,https://99designs.hk/logo-design/contests/looking-simple-unique-logo-construction-company-1137141,Guaranteed Logo design Construction
340,https://99designs.hk/logo-design/contests/birthday-party-big-yacht-1137137,Guaranteed Logo design Travel & Hotel
341,https://99designs.hk/logo-design/contests/specialty-engineering-professional-scientific-technical-services-1137133,Guaranteed Logo design Technology
342,https://99designs.hk/logo-design/contests/design-logo-real-estate-company-1137131,Guaranteed Fast-tracked Logo design Real Estate & Mortgage
343,https://99designs.hk/logo-design/contests/logo-private-villa-house-1137127,Guaranteed Logo design Real Estate & Mortgage
344,https://99designs.hk/logo-design/contests/logo-solomon-press-publishing-company-m-starting-1137126,Guaranteed Logo design Business & Consulting
345,https://99designs.hk/logo-design/contests/britevibe-1137124,Guaranteed Logo design Education
346,https://99designs.hk/logo-design/contests/top-gun-logo-networth-realty-1137121,Guaranteed Blind Fast-tracked Logo design Real Estate & Mortgage
347,https://99designs.hk/logo-design/contests/venture-backed-energy-efficiency-software-company-logo-1137119,Guaranteed Logo design Technology
348,https://99designs.hk/logo-design/contests/nice-simple-tells-story-based-cool-image-car-1137116,Guaranteed Logo design Automotive
349,https://99designs.hk/logo-design/contests/design-logo-will-fight-against-homelessness-providing-affordable-1137103,Guaranteed Fast-tracked Logo design Community & Non-Profit
350,https://99designs.hk/logo-design/contests/design-modern-logo-appeal-photographers-other-creatives-1137098,Guaranteed Logo design Photography
351,https://99designs.hk/logo-design/contests/real-estate-logo-needed-1137097,Guaranteed Logo design Real Estate & Mortgage
352,https://99designs.hk/logo-design/contests/awesome-logo-real-estate-photography-company-1137096,Guaranteed Logo design Photography
353,https://99designs.hk/logo-design/contests/creatives-quirky-purveyor-vintage-seeks-catchy-online-identity-1137094,Guaranteed Logo design Home Furnishing
354,https://99designs.hk/logo-design/contests/sleek-design-technology-automation-business-1137091,Guaranteed Logo design Technology
355,https://99designs.hk/logo-design/contests/luxury-brand-1137089,Guaranteed Logo design Real Estate & Mortgage
356,https://99designs.hk/logo-design/contests/shipping-modern-e-commerce-companies-1137088,Guaranteed Logo design Business & Consulting
357,https://99designs.hk/logo-design/contests/design-good-logo-promote-sells-1137086,Guaranteed Logo design Internet
358,https://99designs.hk/logo-design/contests/create-impressive-product-brand-acupressure-mat-1137084,Guaranteed Fast-tracked Logo design Spa & Esthetics
359,https://99designs.hk/logo-design/contests/stylish-small-massage-gun-female-target-group-1137082,Guaranteed Fast-tracked Logo design Physical Fitness
360,https://99designs.hk/logo-design/contests/d-something-using-skelton-key-1137077,Guaranteed Logo design Wedding Service
361,https://99designs.hk/logo-design/contests/logo-rockstar-produits-d-excellence-pour-pizzaiolo-1137076,Guaranteed Blind Logo design Food & Drink
362,https://99designs.hk/logo-design/contests/real-estate-logo-fenway-group-1137072,Guaranteed Fast-tracked Logo design Real Estate & Mortgage
363,https://99designs.hk/logo-design/contests/comte-della-gola-bigliotti-1137070,Gold Guaranteed Logo design Fashion
364,https://99designs.hk/logo-design/contests/design-innovative-logo-ria-1137069,Guaranteed Logo design Accounting & Financial
365,https://99designs.hk/logo-design/contests/vintage-professional-logo-bookkeeping-service-sounds-boring-doesn-1137067,Guaranteed Logo design Accounting & Financial
366,https://99designs.hk/logo-design/contests/something-different-logo-animal-houses-made-wood-austria-1137063,Guaranteed Logo design Animal & Pet
367,https://99designs.hk/logo-design/contests/iso-simple-powerful-logo-medical-practice-perhaps-blend-1137048,Guaranteed Logo design Medical & Pharmaceutical
368,https://99designs.hk/logo-design/contests/logo-gold-mining-company-1137044,Guaranteed Blind Logo design Industrial
369,https://99designs.hk/logo-design/contests/modern-clean-design-growing-homemade-foodie-business-1137039,Logo design Food & Drink
370,https://99designs.hk/logo-design/contests/family-reunion-feel-hints-vegan-vibe-1137038,Fast-tracked Logo design Community & Non-Profit
371,https://99designs.hk/logo-design/contests/adventure-rental-company-needing-bold-fun-inviting-logo-1137037,Guaranteed Logo design Automotive
372,https://99designs.hk/logo-design/contests/andrea-kitzmann-group-logo-1137032,Guaranteed Logo design Real Estate & Mortgage
373,https://99designs.hk/logo-design/contests/powerful-logo-incorporates-smile-dental-floss-1136999,Guaranteed Logo design Medical & Pharmaceutical
374,https://99designs.hk/logo-design/contests/memorable-logo-attract-guests-luxury-vacation-rental-1136995,Guaranteed Logo design Travel & Hotel
375,https://99designs.hk/logo-design/contests/logo-f%C3%BCr-moderne-marke-im-bereich-kinderzimmerdeko-1136992,Guaranteed Logo design Retail
376,https://99designs.hk/logo-design/contests/logo-design-small-blockchain-technology-company-1136988,Guaranteed Blind Logo design Technology
377,https://99designs.hk/logo-design/contests/modern-logo-design-luxury-home-massage-service-appeal-1136985,Guaranteed Logo design Spa & Esthetics
378,https://99designs.hk/logo-design/contests/familiy-run-business-taking-next-step-1136978,Guaranteed Logo design Industrial
379,https://99designs.hk/logo-design/contests/design-corporate-text-base-flat-logo-simple-stands-1136977,Blind Logo design Entertainment & The Arts
380,https://99designs.hk/logo-design/contests/neues-logo-f%C3%BCr-alte-firma-1136975,Guaranteed Logo design Internet
381,https://99designs.hk/logo-design/contests/mushroom-herbal-holistic-vitamin-logo-1136966,Guaranteed Logo design Medical & Pharmaceutical
382,https://99designs.hk/logo-design/contests/design-street-sign-logo-perfect-internet-1136959,Guaranteed Logo design Internet
383,https://99designs.hk/logo-design/contests/design-logo-online-courses-seniors-promote-optimal-health-1136957,Guaranteed Blind Logo design Education
384,https://99designs.hk/logo-design/contests/logo-gourmet-fudge-associated-foods-1136956,Guaranteed Logo design Food & Drink
385,https://99designs.hk/logo-design/contests/design-online-talk-show-1136953,Guaranteed Fast-tracked Logo design Business & Consulting
386,https://99designs.hk/logo-design/contests/attention-betty-white-fans-senior-living-consultant-needs-1136949,Guaranteed Logo design Medical & Pharmaceutical
387,https://99designs.hk/logo-design/contests/design-futuristic-logo-saas-startup-1136947,Guaranteed Fast-tracked Logo design Technology
388,https://99designs.hk/logo-design/contests/creative-mind-design-logo-business-will-change-lives-1136946,Guaranteed Logo design Accounting & Financial
389,https://99designs.hk/logo-design/contests/hafy-logo-contest-title-design-futuristic-element-shows-1136944,Guaranteed Logo design Education
390,https://99designs.hk/logo-design/contests/artisan-baker-equipment-supplier-start-up-needing-bread-1136939,Guaranteed Logo design Food & Drink
391,https://99designs.hk/logo-design/contests/design-logo-innovative-online-education-company-1136931,Guaranteed Blind Logo design Education
392,https://99designs.hk/logo-design/contests/podcast-logo-pictorial-1136929,Guaranteed Logo design Internet
393,https://99designs.hk/logo-design/contests/phoenix-rising-1136928,Guaranteed Blind Fast-tracked Logo design Construction
394,https://99designs.hk/logo-design/contests/phone-spa-1136926,Guaranteed Blind Logo design Technology
395,https://99designs.hk/logo-design/contests/modern-light-manufacturing-start-up-looking-bold-strong-1136924,Guaranteed Logo design Industrial
396,https://99designs.hk/logo-design/contests/marketing-campaign-office-opening-home-auto-flood-insurance-1136916,Guaranteed Fast-tracked Logo design Accounting & Financial
397,https://99designs.hk/logo-design/contests/corporate-logo-software-solution-used-transport-disability-sector-1136911,Gold Guaranteed Logo design Computer
398,https://99designs.hk/logo-design/contests/race-testing-1136910,Guaranteed Logo design Medical & Pharmaceutical
399,https://99designs.hk/logo-design/contests/trendy-logo-japanese-restaurant-1136908,Guaranteed Blind Logo design Restaurant
400,https://99designs.hk/logo-design/contests/logo-webinar-well-lived-life-1136906,Guaranteed Fast-tracked Logo design Accounting & Financial
401,https://99designs.hk/logo-design/contests/design-logo-fitness-brand-focused-out-shape-men-1136896,Guaranteed Logo design Physical Fitness
402,https://99designs.hk/logo-design/contests/design-abstract-logo-start-up-business-consulting-firm-1136884,Guaranteed Logo design Business & Consulting
403,https://99designs.hk/logo-design/contests/design-logo-corporate-focused-coding-company-1136883,Guaranteed Blind Logo design Technology
404,https://99designs.hk/logo-design/contests/minimalistic-simple-abstract-logo-publishing-company-1136881,Guaranteed Blind Logo design Communications
405,https://99designs.hk/logo-design/contests/beacon-next-generation-game-publisher-1136878,Guaranteed Logo design Business & Consulting
406,https://99designs.hk/logo-design/contests/kickarse-logo-nz-startup-1136871,Guaranteed Logo design Technology
407,https://99designs.hk/logo-design/contests/create-logo-company-accountability-inc-1136867,Guaranteed Fast-tracked Logo design Business & Consulting
408,https://99designs.hk/logo-design/contests/stealth-mode-startup-dao-1136862,Guaranteed Logo design Internet
409,https://99designs.hk/logo-design/contests/create-fun-logo-kids-martial-arts-team-1136860,Guaranteed Logo design Physical Fitness
410,https://99designs.hk/logo-design/contests/brownmine-1136859,Guaranteed Fast-tracked Logo design Business & Consulting
411,https://99designs.hk/logo-design/contests/zinc-logo-1136857,Guaranteed Blind Logo design
412,https://99designs.hk/logo-design/contests/design-agressive-looking-logo-talented-baseball-league-1136854,Guaranteed Logo design Sport
413,https://99designs.hk/logo-design/contests/design-logo-clay-shooting-fundraising-event-which-will-1136852,Guaranteed Blind Logo design Education
414,https://99designs.hk/logo-design/contests/coppice-philanthropy-logo-contest-1136847,Gold Guaranteed Logo design Community & Non-Profit
415,https://99designs.hk/logo-design/contests/biz-executive-golf-tennis-tournament-1136845,Guaranteed Logo design Entertainment & The Arts
416,https://99designs.hk/logo-design/contests/impactful-logo-car-club-1136844,Guaranteed Blind Logo design Automotive
417,https://99designs.hk/logo-design/contests/design-exciting-edgy-logo-modern-urban-southern-beauty-1136843,Guaranteed Fast-tracked Logo design Cosmetics & Beauty
418,https://99designs.hk/logo-design/contests/beaver-design-logo-band-1136841,Guaranteed Logo design Entertainment & The Arts
419,https://99designs.hk/logo-design/contests/timeless-logo-senior-housing-1136835,Platinum Guaranteed Fast-tracked Logo design Real Estate & Mortgage
420,https://99designs.hk/logo-design/contests/open-road-innovations-1136831,Guaranteed Logo design Business & Consulting
421,https://99designs.hk/logo-design/contests/worth-birthday-1136828,Guaranteed Logo design Food & Drink
422,https://99designs.hk/logo-design/contests/high-end-construction-company-logo-needed-1136824,Guaranteed Blind Logo design Construction
423,https://99designs.hk/logo-design/contests/savvy-team-real-estate-investors-needing-brand-identity-1136823,Gold Guaranteed Logo design Real Estate & Mortgage
424,https://99designs.hk/logo-design/contests/consulting-logo-reads-expensive-creative-1136820,Guaranteed Logo design Business & Consulting
425,https://99designs.hk/logo-design/contests/design-quirky-anthropomorphic-zebra-logo-fun-catering-company-1136818,Guaranteed Logo design Food & Drink
426,https://99designs.hk/logo-design/contests/dressage-horses-training-resell-company-1136816,Guaranteed Logo design Sport
427,https://99designs.hk/logo-design/contests/what-logo-will-make-people-check-out-rental-1136814,Guaranteed Logo design Construction
428,https://99designs.hk/logo-design/contests/creative-modern-logo-private-trumpet-lesson-studio-1136813,Guaranteed Logo design Entertainment & The Arts
429,https://99designs.hk/logo-design/contests/create-logo-esports-investing-advisement-group-1136812,Guaranteed Logo design Games & Recreational
430,https://99designs.hk/logo-design/contests/social-media-day-logo-design-1136810,Guaranteed Logo design Internet
431,https://99designs.hk/logo-design/contests/emblem-medal-design-trail-running-race-1136801,Guaranteed Logo design Sport
432,https://99designs.hk/logo-design/contests/pamela-franks-custom-logo-1136796,Guaranteed Logo design Real Estate & Mortgage
433,https://99designs.hk/logo-design/contests/clinical-trial-prevent-blindness-rare-disease-1136791,Guaranteed Logo design Medical & Pharmaceutical
434,https://99designs.hk/logo-design/contests/logo-chargeback-io-crypto-cashback-platform-1136785,Gold Guaranteed Blind Fast-tracked Logo design Technology
435,https://99designs.hk/logo-design/contests/junk-removal-1136780,Logo design Environmental
436,https://99designs.hk/logo-design/contests/mother-earth-needs-levity-design-what-mama-wants-1136778,Guaranteed Logo design Environmental
437,https://99designs.hk/logo-design/contests/leiht-logo-1136773,Guaranteed Logo design Attorney & Law
438,https://99designs.hk/logo-design/contests/create-outstanding-logo-successful-high-tech-company-1136759,Gold Guaranteed Blind Logo design Technology
439,https://99designs.hk/logo-design/contests/memorable-logo-disruptive-digital-marketing-agency-1136750,Logo design Business & Consulting
440,https://99designs.hk/logo-design/contests/super-care-1136738,Guaranteed Logo design Medical & Pharmaceutical
441,https://99designs.hk/logo-design/contests/design-trendy-campaign-brand-using-newest-trends-1136736,Guaranteed Fast-tracked Logo design Religious
442,https://99designs.hk/logo-design/contests/design-winning-logo-next-win-online-agency-1136735,Guaranteed Logo design Internet
443,https://99designs.hk/logo-design/contests/spark-conference-light-amidst-ashes-1136734,Guaranteed Logo design Community & Non-Profit
444,https://99designs.hk/logo-design/contests/ehs-summit-logo-1136733,Guaranteed Logo design Industrial
445,https://99designs.hk/logo-design/contests/logo-design-startup-focused-building-community-1136731,Guaranteed Logo design Technology
446,https://99designs.hk/logo-design/contests/logo-promenaden-1136723,Gold Guaranteed Logo design Restaurant
447,https://99designs.hk/logo-design/contests/design-memorable-logo-email-marketing-consultancy-1136722,Guaranteed Logo design Technology
448,https://99designs.hk/logo-design/contests/agricultural-branding-next-yellowstone-1136719,Gold Guaranteed Logo design Agriculture
449,https://99designs.hk/logo-design/contests/logo-crypto-trading-service-company-be-vintage-style-1136717,Guaranteed Logo design Technology
450,https://99designs.hk/logo-design/contests/adventurous-friendly-fun-logo-bulletboard-join-adventure-1136712,Platinum Guaranteed Blind Logo design Games & Recreational
451,https://99designs.hk/logo-design/contests/cr%C3%A9er-un-logo-pour-des-accessoires-chiens-et-1136710,Guaranteed Logo design Animal & Pet
452,https://99designs.hk/logo-design/contests/looking-cartoon-logo-nft-trading-group-1136709,Fast-tracked Logo design Internet
453,https://99designs.hk/logo-design/contests/ethical-closing-compass-1136706,Guaranteed Logo design Education
454,https://99designs.hk/logo-design/contests/southwest-cannabis-trade-association-1136691,Guaranteed Fast-tracked Logo design Agriculture
455,https://99designs.hk/logo-design/contests/looking-stand-out-rest-one-kind-logo-medical-1136688,Guaranteed Logo design Agriculture
456,https://99designs.hk/logo-design/contests/zabbet-logo-looks-convincing-simple-1136684,Platinum Guaranteed Logo design
457,https://99designs.hk/logo-design/contests/logo-design-roller-shades-manufacturing-company-1136681,Logo design Home Furnishing
458,https://99designs.hk/logo-design/contests/design-powerful-logo-boutique-potent-hedge-fund-1136679,Fast-tracked Logo design Accounting & Financial
459,https://99designs.hk/logo-design/contests/design-logo-luxury-real-estate-company-1136676,Guaranteed Blind Logo design Real Estate & Mortgage
460,https://99designs.hk/logo-design/contests/company-sells-wheelchairs-disabled-individuals-target-audience-1136670,Guaranteed Logo design Medical & Pharmaceutical
461,https://99designs.hk/logo-design/contests/portable-mini-golf-event-rental-company-1136668,Guaranteed Logo design Games & Recreational
462,https://99designs.hk/logo-design/contests/design-beautiful-logo-engineering-company-1136664,Guaranteed Logo design Industrial
463,https://99designs.hk/logo-design/contests/finding-trust-food-1136661,Logo design Agriculture
464,https://99designs.hk/logo-design/contests/prometheus-logo-contest-1136655,Guaranteed Fast-tracked Logo design Technology
465,https://99designs.hk/logo-design/contests/porch-pirates-delivery-service-logo-creative-minds-welcome-1136654,Guaranteed Logo design Security
466,https://99designs.hk/logo-design/contests/cryptocurrency-hedge-fund-needs-creative-logo-1136653,Guaranteed Logo design Accounting & Financial
467,https://99designs.hk/logo-design/contests/make-welcoming-fun-logo-summer-camp-after-school-1136652,Guaranteed Logo design Childcare
468,https://99designs.hk/logo-design/contests/unique-fun-modern-sportdog-centric-logo-1136651,Guaranteed Logo design Animal & Pet
469,https://99designs.hk/logo-design/contests/eye-catching-creative-logo-needed-diy-carpet-repair-1136650,Guaranteed Logo design Retail
470,https://99designs.hk/logo-design/contests/modern-marine-business-looking-fresh-ideas-1136649,Guaranteed Logo design Industrial
471,https://99designs.hk/logo-design/contests/cleaning-company-1136648,Fast-tracked Logo design Cleaning & Maintenance
472,https://99designs.hk/logo-design/contests/callbacks-1136643,Gold Guaranteed Logo design Entertainment & The Arts
473,https://99designs.hk/logo-design/contests/cassidy-coordinates-logo-1136639,Guaranteed Logo design Wedding Service
474,https://99designs.hk/logo-design/contests/crown-construction-1136634,Guaranteed Logo design Construction
475,https://99designs.hk/logo-design/contests/powerful-short-term-rental-management-logo-convey-luxury-1136632,Guaranteed Blind Logo design Travel & Hotel
476,https://99designs.hk/logo-design/contests/looking-unique-logo-pest-management-company-1136630,Guaranteed Logo design Landscaping
477,https://99designs.hk/logo-design/contests/sophisticated-chic-logo-screams-black-beauty-girl-magic-1136627,Guaranteed Logo design Cosmetics & Beauty
478,https://99designs.hk/logo-design/contests/design-professional-logo-indonesian-packaged-food-brand-1136625,Guaranteed Logo design Food & Drink
479,https://99designs.hk/logo-design/contests/trendy-vintage-logo-restaurant-named-gino-italian-joint-1136624,Guaranteed Logo design Restaurant
480,https://99designs.hk/logo-design/contests/reifen-autoservice-1136620,Guaranteed Logo design Automotive
481,https://99designs.hk/logo-design/contests/patriotic-husband-wife-looking-best-design-adventure-life-1136619,Guaranteed Logo design Physical Fitness
482,https://99designs.hk/logo-design/contests/create-iconic-design-american-construction-payroll-1136615,Gold Guaranteed Logo design Construction
483,https://99designs.hk/logo-design/contests/simple-iconic-logo-ecommerce-company-selling-usa-made-1136614,Guaranteed Logo design Fashion
484,https://99designs.hk/logo-design/contests/simple-nature-oriented-logo-pelican-company-name-travel-1136612,Guaranteed Logo design Travel & Hotel
485,https://99designs.hk/logo-design/contests/music-dj-identity-logo-1136609,Guaranteed Fast-tracked Logo design Entertainment & The Arts
486,https://99designs.hk/logo-design/contests/children-non-profit-design-contest-1136604,Guaranteed Logo design Community & Non-Profit
487,https://99designs.hk/logo-design/contests/integrate-octopus-giraffe-1136602,Guaranteed Logo design Business & Consulting
488,https://99designs.hk/logo-design/contests/design-logo-mexico-cannabis-startup-1136598,Guaranteed Logo design Medical & Pharmaceutical
489,https://99designs.hk/logo-design/contests/help-transform-trauma-change-world-1136592,Guaranteed Logo design Community & Non-Profit
490,https://99designs.hk/logo-design/contests/logo-scientific-training-network-biodiversity-genetics-peru-colombia-1136591,Gold Blind Logo design Education
491,https://99designs.hk/logo-design/contests/media-agency-jumping-fox-icon-logo-1136589,Gold Guaranteed Logo design Photography
492,https://99designs.hk/logo-design/contests/find-abundant-living-river-life-1136583,Guaranteed Logo design Religious
493,https://99designs.hk/logo-design/contests/luxury-logo-architect-renovation-compagny-1136582,Platinum Guaranteed Blind Logo design Architectural
494,https://99designs.hk/logo-design/contests/powerful-unique-logo-dallas-technology-consulting-company-1136581,Guaranteed Blind Logo design Technology
495,https://99designs.hk/logo-design/contests/smartercommerce-logo-redesign-1136579,Guaranteed Blind Logo design Technology
496,https://99designs.hk/logo-design/contests/help-me-refresh-logo-mobile-food-truck-business-1136576,Guaranteed Blind Logo design Food & Drink
497,https://99designs.hk/logo-design/contests/design-logo-real-estate-investing-company-buy-homes-1136575,Guaranteed Logo design Real Estate & Mortgage
498,https://99designs.hk/logo-design/contests/straightforward-logo-example-1136574,Guaranteed Blind Logo design Sport
499,https://99designs.hk/logo-design/contests/industrial-company-sub-logo-recondition-retool-reuse-1136572,Guaranteed Blind Logo design Industrial
500,https://99designs.hk/logo-design/contests/create-attractive-professional-logo-non-profit-focused-improving-1136570,Guaranteed Fast-tracked Logo design Political
501,https://99designs.hk/logo-design/contests/logo-describe-small-beach-town-vibe-1136568,Guaranteed Logo design Retail
502,https://99designs.hk/logo-design/contests/neue-firma-sucht-logo-1136562,Guaranteed Logo design Construction
503,https://99designs.hk/logo-design/contests/vibrant-modern-logo-iot-led-lighting-company-1136550,Gold Guaranteed Logo design Technology
504,https://99designs.hk/logo-design/contests/masculine-logo-hunting-ranch-1136548,Guaranteed Logo design
505,https://99designs.hk/logo-design/contests/get-me-retirement-island-happy-place-1136544,Guaranteed Logo design Accounting & Financial
506,https://99designs.hk/logo-design/contests/relatable-recognizable-design-sustainable-waste-removal-company-1136540,Gold Guaranteed Blind Logo design Industrial
507,https://99designs.hk/logo-design/contests/austin-accounting-firm-start-up-businesses-1136535,Guaranteed Logo design Accounting & Financial
508,https://99designs.hk/logo-design/contests/create-unique-logo-fitness-social-media-1136533,Gold Guaranteed Logo design Internet
509,https://99designs.hk/logo-design/contests/modern-logo-social-media-automation-tool-1136532,Guaranteed Logo design Technology
510,https://99designs.hk/logo-design/contests/mainstream-media-company-music-label-rebranding-logo-1136527,Guaranteed Logo design Entertainment & The Arts
511,https://99designs.hk/logo-design/contests/logo-rock-star-laser-teeth-whitening-1136524,Guaranteed Logo design Spa & Esthetics
512,https://99designs.hk/logo-design/contests/upscale-luxury-wedding-company-appealing-1136523,Fast-tracked Logo design Entertainment & The Arts
513,https://99designs.hk/logo-design/contests/powerful-logo-shows-people-professional-1136522,Gold Guaranteed Blind Logo design Internet
514,https://99designs.hk/logo-design/contests/bod-podcast-logo-design-1136521,Guaranteed Fast-tracked Logo design Entertainment & The Arts
515,https://99designs.hk/logo-design/contests/create-creative-logo-1136519,Guaranteed Logo design Art & Design
516,https://99designs.hk/logo-design/contests/neat-ninja-logo-design-1136514,Guaranteed Logo design Home Furnishing
517,https://99designs.hk/logo-design/contests/design-logo-premiere-senior-home-care-practice-1136513,Platinum Guaranteed Logo design Medical & Pharmaceutical
518,https://99designs.hk/logo-design/contests/millennial-generation-z-focused-modern-high-tech-design-1136508,Guaranteed Logo design Cosmetics & Beauty
519,https://99designs.hk/logo-design/contests/design-logo-grammy-winning-artist-nelly-premium-apparel-1136506,Guaranteed Logo design Fashion
520,https://99designs.hk/logo-design/contests/medical-equipment-logo-1136503,Guaranteed Blind Logo design Medical & Pharmaceutical
521,https://99designs.hk/logo-design/contests/powerful-forex-trading-logo-1136494,Guaranteed Fast-tracked Logo design Accounting & Financial
522,https://99designs.hk/logo-design/contests/wcays-1136490,Guaranteed Logo design Cosmetics & Beauty
523,https://99designs.hk/logo-design/contests/n-pizzeria-napoletana-1136484,Guaranteed Logo design Restaurant
524,https://99designs.hk/logo-design/contests/non-profits-winner-logo-heart-fashion-unity-building-1136481,Guaranteed Logo design Fashion
525,https://99designs.hk/logo-design/contests/personal-brand-logo-business-consulting-niche-1136477,Guaranteed Logo design Business & Consulting
526,https://99designs.hk/logo-design/contests/fun-bold-logo-villainous-creative-writing-app-1136460,Guaranteed Logo design Entertainment & The Arts
527,https://99designs.hk/logo-design/contests/help-modern-family-logo-n%C3%BCssle-1136453,Gold Guaranteed Logo design Business & Consulting
528,https://99designs.hk/logo-design/contests/monogramm-logo-f%C3%BCr-nachhaltigen-website-texter-1136441,Guaranteed Logo design Communications
529,https://99designs.hk/logo-design/contests/design-logo-people-will-fall-love-local-family-1136440,Platinum Guaranteed Fast-tracked Logo design Community & Non-Profit
530,https://99designs.hk/logo-design/contests/designer-gesucht-f%C3%BCr-eine-l%C3%A4ngere-marken-kooperation-1136439,Gold Guaranteed Logo design Accounting & Financial
531,https://99designs.hk/logo-design/contests/powerful-yet-simple-logo-construction-bond-business-1136431,Guaranteed Logo design Accounting & Financial
532,https://99designs.hk/logo-design/contests/logo-needed-progressive-modern-dj-service-1136425,Guaranteed Fast-tracked Logo design Entertainment & The Arts
533,https://99designs.hk/logo-design/contests/best-designers-needed-catchy-unforgettable-logo-korean-fusion-1136422,Gold Fast-tracked Logo design Food & Drink
534,https://99designs.hk/logo-design/contests/high-impact-cutting-edge-passionate-design-1136411,Guaranteed Logo design Communications
535,https://99designs.hk/logo-design/contests/design-logo-jewellery-brand-appeal-young-males-1136410,Guaranteed Logo design Fashion
536,https://99designs.hk/logo-design/contests/modern-classy-logo-investment-vehicle-designed-help-people-1136408,Guaranteed Logo design Accounting & Financial
537,https://99designs.hk/logo-design/contests/would-logo-beatiful-unique-symbol-quality-services-1136407,Guaranteed Logo design Spa & Esthetics
538,https://99designs.hk/logo-design/contests/create-modern-logo-real-estate-company-1136406,Guaranteed Logo design Real Estate & Mortgage
539,https://99designs.hk/logo-design/contests/simple-design-be-done-better-1136403,Guaranteed Logo design Retail
540,https://99designs.hk/logo-design/contests/design-futuristic-logo-echos-cybersecurity-secure-deign-technology-1136402,Guaranteed Logo design Technology
541,https://99designs.hk/logo-design/contests/initial-logo-design-satellite-service-targeting-cruising-sailors-1136401,Logo design Technology
542,https://99designs.hk/logo-design/contests/simple-logo-high-growth-technology-company-1136399,Guaranteed Logo design Technology
543,https://99designs.hk/logo-design/contests/company-logo-1136397,Guaranteed Logo design Construction
544,https://99designs.hk/logo-design/contests/business-young-man-old-world-1136395,Guaranteed Logo design Games & Recreational
545,https://99designs.hk/logo-design/contests/eye-catching-start-up-retail-logo-1136391,Guaranteed Logo design Retail
546,https://99designs.hk/logo-design/contests/rebrand-redesign-wellness-center-logo-1136387,Guaranteed Logo design Medical & Pharmaceutical
547,https://99designs.hk/logo-design/contests/design-birthday-logo-1136385,Guaranteed Fast-tracked Logo design
548,https://99designs.hk/logo-design/contests/create-nature-inspired-logo-handcrafted-bath-body-business-1136384,Guaranteed Logo design Cosmetics & Beauty
549,https://99designs.hk/logo-design/contests/fun-creating-logo-technology-company-1136382,Guaranteed Blind Logo design Technology
550,https://99designs.hk/logo-design/contests/desgin-cattle-farm-logo-powerful-western-image-1136380,Guaranteed Logo design Agriculture
551,https://99designs.hk/logo-design/contests/powerful-colorful-logo-shows-best-printing-company-north-1136375,Gold Guaranteed Logo design Art & Design
552,https://99designs.hk/logo-design/contests/minimalist-smart-futuristic-logo-maritime-technology-q-website-1136370,Gold Guaranteed Fast-tracked Logo design Technology
553,https://99designs.hk/logo-design/contests/period-poverty-plan-1136368,Guaranteed Logo design Education
554,https://99designs.hk/logo-design/contests/design-logo-container-vertical-farm-1136366,Guaranteed Fast-tracked Logo design Food & Drink
555,https://99designs.hk/logo-design/contests/jesus-strong-logo-youth-representing-faith-1136359,Guaranteed Logo design Religious
556,https://99designs.hk/logo-design/contests/biotech-research-company-focused-dna-rna-diagnostics-1136358,Gold Guaranteed Logo design Medical & Pharmaceutical
557,https://99designs.hk/logo-design/contests/real-estate-agent-team-logo-needed-1136356,Guaranteed Logo design Real Estate & Mortgage
558,https://99designs.hk/logo-design/contests/create-logo-next-french-green-unicorn-1136355,Guaranteed Blind Logo design Business & Consulting
559,https://99designs.hk/logo-design/contests/create-logo-business-consulting-company-1136354,Guaranteed Logo design Business & Consulting
560,https://99designs.hk/logo-design/contests/design-logo-premium-health-wellness-brand-1136347,Guaranteed Logo design Medical & Pharmaceutical
561,https://99designs.hk/logo-design/contests/pendarvis-family-foundation-1136343,Guaranteed Logo design Community & Non-Profit
562,https://99designs.hk/logo-design/contests/create-logo-luxury-billiard-brand-1136340,Guaranteed Logo design Retail
563,https://99designs.hk/logo-design/contests/coady-photography-1136336,Blind Logo design Sport
564,https://99designs.hk/logo-design/contests/bad-montana-logo-1136331,Guaranteed Logo design Food & Drink
565,https://99designs.hk/logo-design/contests/help-veteran-create-logo-will-draw-customers-promote-1136330,Guaranteed Logo design Industrial
566,https://99designs.hk/logo-design/contests/modern-innovative-logo-seo-agency-1136329,Guaranteed Logo design Business & Consulting
567,https://99designs.hk/logo-design/contests/island-based-appliance-repair-company-1136327,Guaranteed Logo design Cleaning & Maintenance
568,https://99designs.hk/logo-design/contests/distinctive-logo-needed-appeal-mature-male-hunters-1136326,Guaranteed Logo design Sport
569,https://99designs.hk/logo-design/contests/maslow-1136325,Guaranteed Blind Fast-tracked Logo design Environmental
570,https://99designs.hk/logo-design/contests/design-logo-personal-training-studio-1136323,Guaranteed Logo design Physical Fitness
571,https://99designs.hk/logo-design/contests/orthopedic-spine-physiotherapy-center-1136321,Guaranteed Logo design Medical & Pharmaceutical
572,https://99designs.hk/logo-design/contests/modern-elegant-logo-exclusive-supper-social-club-1136320,Guaranteed Logo design Food & Drink
573,https://99designs.hk/logo-design/contests/logo-dog-coaching-company-1136318,Guaranteed Logo design Animal & Pet
574,https://99designs.hk/logo-design/contests/business-build-family-legacy-1136314,Guaranteed Logo design Construction
575,https://99designs.hk/logo-design/contests/video-game-product-pediatric-healthcare-kids-age-years-1136312,Guaranteed Logo design
576,https://99designs.hk/logo-design/contests/logo-steel-structures-production-1136304,Guaranteed Blind Logo design Industrial
577,https://99designs.hk/logo-design/contests/looking-custom-logo-brand-construction-tool-1136300,Guaranteed Logo design Construction
578,https://99designs.hk/logo-design/contests/automotive-race-appeal-needed-1136296,Guaranteed Logo design Automotive
579,https://99designs.hk/logo-design/contests/spitting-seeds-podcast-logo-1136294,Guaranteed Logo design Entertainment & The Arts
580,https://99designs.hk/logo-design/contests/am-looking-best-designer-logo-1136293,Guaranteed Logo design Construction
581,https://99designs.hk/logo-design/contests/un-mes-de-clases-m%C3%BAsica-gratis-si-resultas-1136289,Guaranteed Logo design Education
582,https://99designs.hk/logo-design/contests/fun-youthful-logo-recreational-youth-soccer-league-1136287,Guaranteed Logo design Sport
583,https://99designs.hk/logo-design/contests/design-logo-sell-star-wars-cards-enthusiasts-1136285,Guaranteed Logo design Games & Recreational
584,https://99designs.hk/logo-design/contests/cr%C3%A9ez-un-logo-entre-arbre-et-montagne-pour-1136284,Guaranteed Logo design Landscaping
585,https://99designs.hk/logo-design/contests/design-cool-aggressive-monkey-logo-awesome-community-1136283,Guaranteed Logo design
586,https://99designs.hk/logo-design/contests/killer-real-estate-logo-bring-sexy-back-1136279,Guaranteed Logo design Real Estate & Mortgage
587,https://99designs.hk/logo-design/contests/kogo-korean-street-food-inspired-corn-dogs-1136276,Guaranteed Logo design Food & Drink
588,https://99designs.hk/logo-design/contests/simple-powerful-logo-chimney-sweep-1136271,Guaranteed Logo design Cleaning & Maintenance
589,https://99designs.hk/logo-design/contests/fresh-logo-bbm-1136269,Guaranteed Logo design Construction
590,https://99designs.hk/logo-design/contests/fashion-underwear-lingerie-brand-logo-1136265,Guaranteed Logo design Fashion
591,https://99designs.hk/logo-design/contests/more-logo-political-movement-unite-left-center-right-1136262,Guaranteed Logo design Political
592,https://99designs.hk/logo-design/contests/logo-farm-animal-rescue-1136261,Guaranteed Logo design Community & Non-Profit
593,https://99designs.hk/logo-design/contests/family-ranch-design-1136257,Guaranteed Blind Logo design Agriculture
594,https://99designs.hk/logo-design/contests/design-logo-upscale-artisanal-fun-caramel-candy-company-1136255,Guaranteed Blind Logo design Food & Drink
595,https://99designs.hk/logo-design/contests/design-luxe-millennial-vibe-logo-takeoff-travel-agency-1136252,Guaranteed Logo design Travel & Hotel
596,https://99designs.hk/logo-design/contests/shaking-up-boring-old-school-photos-1136250,Guaranteed Logo design Photography
597,https://99designs.hk/logo-design/contests/design-emblem-style-logo-bakery-goods-company-1136245,Gold Guaranteed Blind Logo design
598,https://99designs.hk/logo-design/contests/balu-1136243,Logo design Bar & Nightclub
599,https://99designs.hk/logo-design/contests/clean-simple-logo-kind-natural-farm-hotel-bavarian-1136241,Gold Guaranteed Blind Logo design Travel & Hotel
